{
	"parent": "block/ladder",
	"ambientocclusion": false,
	"textures": {
		"0": "block/3d_ladder",
		"particle": "block/3d_ladder"
	},
	"elements": [
		{
			"from": [1, 1, 14],
			"to": [15, 2, 15],
			"rotation": {"angle": 0, "axis": "y", "origin": [8, 8, 21]},
			"faces": {
				"north": {"uv": [0, 0, 16, 16], "texture": "#0"},
				"east": {"uv": [0, 0, 3.75, 3.5], "texture": "#0"},
				"south": {"uv": [0, 0, 16, 1.563], "texture": "#0"},
				"west": {"uv": [0, 0, 2.344, 2.25], "texture": "#0"},
				"up": {"uv": [0, 0, 16, 1.75], "texture": "#0"},
				"down": {"uv": [0, 0, 16, 2], "texture": "#0"}
			}
		},
		{
			"from": [1, 3, 14],
			"to": [15, 4, 15],
			"rotation": {"angle": 0, "axis": "y", "origin": [8, 8, 21]},
			"faces": {
				"north": {"uv": [0, 0, 16, 16], "texture": "#0"},
				"east": {"uv": [0, 0, 3.75, 3.5], "texture": "#0"},
				"south": {"uv": [0, 0, 16, 1.563], "texture": "#0"},
				"west": {"uv": [0, 0, 2.344, 2.25], "texture": "#0"},
				"up": {"uv": [0, 0, 16, 1.75], "texture": "#0"},
				"down": {"uv": [0, 0, 16, 2], "texture": "#0"}
			}
		},
		{
			"from": [1, 5, 14],
			"to": [15, 6, 15],
			"rotation": {"angle": 0, "axis": "y", "origin": [8, 8, 21]},
			"faces": {
				"north": {"uv": [0, 0, 16, 16], "texture": "#0"},
				"east": {"uv": [0, 0, 3.75, 3.5], "texture": "#0"},
				"south": {"uv": [0, 0, 16, 1.563], "texture": "#0"},
				"west": {"uv": [0, 0, 2.344, 2.25], "texture": "#0"},
				"up": {"uv": [0, 0, 16, 1.75], "texture": "#0"},
				"down": {"uv": [0, 0, 16, 2], "texture": "#0"}
			}
		},
		{
			"from": [1, 7, 14],
			"to": [15, 8, 15],
			"rotation": {"angle": 0, "axis": "y", "origin": [8, 8, 21]},
			"faces": {
				"north": {"uv": [0, 0, 16, 16], "texture": "#0"},
				"east": {"uv": [0, 0, 3.75, 3.5], "texture": "#0"},
				"south": {"uv": [0, 0, 16, 1.563], "texture": "#0"},
				"west": {"uv": [0, 0, 2.344, 2.25], "texture": "#0"},
				"up": {"uv": [0, 0, 16, 1.75], "texture": "#0"},
				"down": {"uv": [0, 0, 16, 2], "texture": "#0"}
			}
		},
		{
			"from": [1, 9, 14],
			"to": [15, 10, 15],
			"rotation": {"angle": 0, "axis": "y", "origin": [8, 8, 21]},
			"faces": {
				"north": {"uv": [0, 0, 16, 16], "texture": "#0"},
				"east": {"uv": [0, 0, 3.75, 3.5], "texture": "#0"},
				"south": {"uv": [0, 0, 16, 1.563], "texture": "#0"},
				"west": {"uv": [0, 0, 2.344, 2.25], "texture": "#0"},
				"up": {"uv": [0, 0, 16, 1.75], "texture": "#0"},
				"down": {"uv": [0, 0, 16, 2], "texture": "#0"}
			}
		},
		{
			"from": [1, 11, 14],
			"to": [15, 12, 15],
			"rotation": {"angle": 0, "axis": "y", "origin": [8, 8, 21]},
			"faces": {
				"north": {"uv": [0, 0, 16, 16], "texture": "#0"},
				"east": {"uv": [0, 0, 3.75, 3.5], "texture": "#0"},
				"south": {"uv": [0, 0, 16, 1.563], "texture": "#0"},
				"west": {"uv": [0, 0, 2.344, 2.25], "texture": "#0"},
				"up": {"uv": [0, 0, 16, 1.75], "texture": "#0"},
				"down": {"uv": [0, 0, 16, 2], "texture": "#0"}
			}
		},
		{
			"from": [1, 13, 14],
			"to": [15, 14, 15],
			"rotation": {"angle": 0, "axis": "y", "origin": [8, 8, 21]},
			"faces": {
				"north": {"uv": [0, 0, 16, 16], "texture": "#0"},
				"east": {"uv": [0, 0, 3.75, 3.5], "texture": "#0"},
				"south": {"uv": [0, 0, 16, 1.563], "texture": "#0"},
				"west": {"uv": [0, 0, 2.344, 2.25], "texture": "#0"},
				"up": {"uv": [0, 0, 16, 1.75], "texture": "#0"},
				"down": {"uv": [0, 0, 16, 2], "texture": "#0"}
			}
		},
		{
			"from": [1, 15, 14],
			"to": [15, 16, 15],
			"rotation": {"angle": 0, "axis": "y", "origin": [8, 8, 21]},
			"faces": {
				"north": {"uv": [0, 0, 16, 16], "texture": "#0"},
				"east": {"uv": [0, 0, 3.75, 3.5], "texture": "#0"},
				"south": {"uv": [0, 0, 16, 1.563], "texture": "#0"},
				"west": {"uv": [0, 0, 2.344, 2.25], "texture": "#0"},
				"up": {"uv": [0, 0, 16, 1.75], "texture": "#0"},
				"down": {"uv": [0, 0, 16, 2], "texture": "#0"}
			}
		}
	],
	"groups": [
		{
			"name": "group",
			"origin": [8, 8, 8],
			"children": [0, 1, 2, 3, 4, 5, 6, 7]
		}
	]
}