{
	"credit": "Made with Blockbench",
	"ambientocclusion": false,
	"textures": {
		"1": "block/cmodels/oak_tables",
		"2": "block/cmodels/black_door",
		"3": "block/cmodels/metal1",
		"particle": "block/cmodels/oak_tables"
	},
	"elements": [
		{
			"from": [0.6, 0, 13.85],
			"to": [0.9, 14, 14.05],
			"rotation": {"angle": 0, "axis": "y", "origin": [-7, 8, 8]},
			"faces": {
				"north": {"uv": [0, 0, 0.00781, 0.01563], "texture": "#3"},
				"east": {"uv": [0, 0, 0.00781, 0.01563], "texture": "#3"},
				"south": {"uv": [0, 0, 0.00781, 0.01563], "texture": "#3"},
				"west": {"uv": [0, 0, 0.00781, 0.01563], "texture": "#3"},
				"up": {"uv": [0, 0, 0.00781, 0.01563], "rotation": 180, "texture": "#3"},
				"down": {"uv": [0, 0, 0.00781, 0.01563], "rotation": 180, "texture": "#3"}
			}
		},
		{
			"from": [0.1, 0, 13.85],
			"to": [0.5, 14, 13.95],
			"rotation": {"angle": 0, "axis": "y", "origin": [-7, 8, 8]},
			"faces": {
				"north": {"uv": [0, 0, 0.00781, 0.01563], "texture": "#3"},
				"east": {"uv": [0, 0, 0.00781, 0.01563], "texture": "#3"},
				"south": {"uv": [0, 0, 0.00781, 0.01563], "texture": "#3"},
				"west": {"uv": [0, 0, 0.00781, 0.01563], "texture": "#3"},
				"up": {"uv": [0, 0, 0.00781, 0.01563], "rotation": 180, "texture": "#3"},
				"down": {"uv": [0, 0, 0.00781, 0.01563], "rotation": 180, "texture": "#3"}
			}
		},
		{
			"from": [0.1, 0, 10.95],
			"to": [0.5, 14, 11.05],
			"rotation": {"angle": 0, "axis": "y", "origin": [-7, 8, 8]},
			"faces": {
				"north": {"uv": [0, 0, 0.00781, 0.01563], "texture": "#3"},
				"east": {"uv": [0, 0, 0.00781, 0.01563], "texture": "#3"},
				"south": {"uv": [0, 0, 0.00781, 0.01563], "texture": "#3"},
				"west": {"uv": [0, 0, 0.00781, 0.01563], "texture": "#3"},
				"up": {"uv": [0, 0, 0.00781, 0.01563], "rotation": 180, "texture": "#3"},
				"down": {"uv": [0, 0, 0.00781, 0.01563], "rotation": 180, "texture": "#3"}
			}
		},
		{
			"from": [0.6, 0, 10.95],
			"to": [0.9, 14, 11.05],
			"rotation": {"angle": 0, "axis": "y", "origin": [-7, 8, 8]},
			"faces": {
				"north": {"uv": [0, 0, 0.00781, 0.01563], "texture": "#3"},
				"east": {"uv": [0, 0, 0.00781, 0.01563], "texture": "#3"},
				"south": {"uv": [0, 0, 0.00781, 0.01563], "texture": "#3"},
				"west": {"uv": [0, 0, 0.00781, 0.01563], "texture": "#3"},
				"up": {"uv": [0, 0, 0.00781, 0.01563], "rotation": 180, "texture": "#3"},
				"down": {"uv": [0, 0, 0.00781, 0.01563], "rotation": 180, "texture": "#3"}
			}
		},
		{
			"from": [0.5, 0, 13.85],
			"to": [0.6, 14, 13.95],
			"rotation": {"angle": 0, "axis": "y", "origin": [-7, 8, 8]},
			"faces": {
				"north": {"uv": [0, 0, 0.00781, 0.01563], "texture": "#2"},
				"east": {"uv": [0, 0, 0.00781, 0.01563], "texture": "#missing"},
				"south": {"uv": [0, 0, 0.00781, 0.01563], "texture": "#3"},
				"west": {"uv": [0, 0, 0.00781, 0.01563], "texture": "#missing"},
				"up": {"uv": [0, 0, 0.00781, 0.00781], "rotation": 90, "texture": "#3"},
				"down": {"uv": [0, 0, 0.00781, 0.00781], "rotation": 270, "texture": "#3"}
			}
		},
		{
			"from": [0.5, 0, 10.95],
			"to": [0.6, 14, 11.05],
			"rotation": {"angle": 0, "axis": "y", "origin": [-7, 8, 8]},
			"faces": {
				"east": {"uv": [0, 0, 0.00781, 0.01563], "texture": "#missing"},
				"south": {"uv": [0, 0, 0.00781, 0.01563], "texture": "#2"},
				"west": {"uv": [0, 0, 0.00781, 0.01563], "texture": "#missing"},
				"up": {"uv": [0, 0, 0.00781, 0.00781], "rotation": 90, "texture": "#3"},
				"down": {"uv": [0, 0, 0.00781, 0.00781], "rotation": 270, "texture": "#3"}
			}
		},
		{
			"from": [0, 0, 0],
			"to": [1, 16, 11],
			"rotation": {"angle": 0, "axis": "y", "origin": [-7, 8, 8]},
			"faces": {
				"north": {"uv": [1.672, 0, 14.108, 15.999], "texture": "#1"},
				"east": {"uv": [1.672, 0, 14.108, 15.999], "texture": "#1"},
				"south": {"uv": [1.672, 0, 14.108, 15.999], "texture": "#1"},
				"west": {"uv": [1.672, 0, 14.108, 15.999], "texture": "#1"},
				"up": {"uv": [1.672, 0, 14.108, 15.999], "texture": "#1"},
				"down": {"uv": [1.672, 0, 14.108, 15.999], "texture": "#1"}
			}
		},
		{
			"from": [0, 14, 11],
			"to": [1, 16, 13.9],
			"rotation": {"angle": 0, "axis": "y", "origin": [-7, 8, 8]},
			"faces": {
				"north": {"uv": [9.672, 0, 14.25, 3.985], "texture": "#1"},
				"east": {"uv": [8.953, 0, 13.531, 3.985], "texture": "#1"},
				"south": {"uv": [9.672, 0, 14.25, 3.985], "texture": "#1"},
				"west": {"uv": [9.672, 0, 14.25, 3.985], "texture": "#1"},
				"up": {"uv": [9.672, 0, 14.25, 3.985], "rotation": 180, "texture": "#1"},
				"down": {"uv": [9.672, 0, 14.25, 3.985], "rotation": 180, "texture": "#1"}
			}
		},
		{
			"from": [-0.1, 0, 0.1],
			"to": [0, 1.1, 10.9],
			"rotation": {"angle": 0, "axis": "y", "origin": [-7, 8, 8]},
			"faces": {
				"north": {"uv": [1.907, 10.672, 14.299, 13.063], "texture": "#1"},
				"east": {"uv": [1.907, 10.672, 14.299, 13.063], "texture": "#1"},
				"south": {"uv": [1.907, 10.672, 14.299, 13.063], "texture": "#1"},
				"west": {"uv": [1.907, 10.672, 14.299, 13.063], "texture": "#1"},
				"up": {"uv": [1.907, 10.672, 14.299, 13.063], "rotation": 180, "texture": "#1"},
				"down": {"uv": [1.907, 10.672, 14.299, 13.063], "rotation": 180, "texture": "#1"}
			}
		},
		{
			"from": [1, 0, 0.1],
			"to": [1.1, 1.1, 10.9],
			"rotation": {"angle": 0, "axis": "y", "origin": [-7, 8, 8]},
			"faces": {
				"north": {"uv": [1.907, 10.672, 14.299, 13.063], "texture": "#1"},
				"east": {"uv": [1.907, 10.672, 14.299, 13.063], "texture": "#1"},
				"south": {"uv": [1.907, 10.672, 14.299, 13.063], "texture": "#1"},
				"west": {"uv": [1.907, 10.672, 14.299, 13.063], "texture": "#1"},
				"up": {"uv": [1.907, 10.672, 14.299, 13.063], "rotation": 180, "texture": "#1"},
				"down": {"uv": [1.907, 10.672, 14.299, 13.063], "rotation": 180, "texture": "#1"}
			}
		},
		{
			"from": [-0.1, 10.8, 0.1],
			"to": [0, 12.5, 10.9],
			"rotation": {"angle": 0, "axis": "y", "origin": [-7, 8, 8]},
			"faces": {
				"north": {"uv": [1.859, 13.609, 14.252, 16], "texture": "#1"},
				"east": {"uv": [1.859, 13.609, 14.252, 16], "texture": "#1"},
				"south": {"uv": [1.859, 13.609, 14.252, 16], "texture": "#1"},
				"west": {"uv": [1.859, 13.609, 14.252, 16], "texture": "#1"},
				"up": {"uv": [1.859, 13.609, 14.252, 16], "rotation": 180, "texture": "#1"},
				"down": {"uv": [1.859, 13.609, 14.252, 16], "rotation": 180, "texture": "#1"}
			}
		},
		{
			"from": [1, 10.8, 0.1],
			"to": [1.1, 12.5, 10.9],
			"rotation": {"angle": 0, "axis": "y", "origin": [-7, 8, 8]},
			"faces": {
				"north": {"uv": [1.859, 13.609, 14.252, 16], "texture": "#1"},
				"east": {"uv": [1.859, 13.609, 14.252, 16], "texture": "#1"},
				"south": {"uv": [1.859, 13.609, 14.252, 16], "texture": "#1"},
				"west": {"uv": [1.859, 13.609, 14.252, 16], "texture": "#1"},
				"up": {"uv": [1.859, 13.609, 14.252, 16], "rotation": 180, "texture": "#1"},
				"down": {"uv": [1.859, 13.609, 14.252, 16], "rotation": 180, "texture": "#1"}
			}
		},
		{
			"from": [-0.1, 12.7, 0.1],
			"to": [0, 14.4, 10.9],
			"rotation": {"angle": 0, "axis": "y", "origin": [-7, 8, 8]},
			"faces": {
				"north": {"uv": [1.907, 10.672, 14.299, 13.063], "texture": "#1"},
				"east": {"uv": [1.907, 10.672, 14.299, 13.063], "texture": "#1"},
				"south": {"uv": [1.907, 10.672, 14.299, 13.063], "texture": "#1"},
				"west": {"uv": [1.907, 10.672, 14.299, 13.063], "texture": "#1"},
				"up": {"uv": [1.907, 10.672, 14.299, 13.063], "rotation": 180, "texture": "#1"},
				"down": {"uv": [1.907, 10.672, 14.299, 13.063], "rotation": 180, "texture": "#1"}
			}
		},
		{
			"from": [1, 12.7, 0.1],
			"to": [1.1, 14.4, 10.9],
			"rotation": {"angle": 0, "axis": "y", "origin": [-7, 8, 8]},
			"faces": {
				"north": {"uv": [1.907, 10.672, 14.299, 13.063], "texture": "#1"},
				"east": {"uv": [1.907, 10.672, 14.299, 13.063], "texture": "#1"},
				"south": {"uv": [1.907, 10.672, 14.299, 13.063], "texture": "#1"},
				"west": {"uv": [1.907, 10.672, 14.299, 13.063], "texture": "#1"},
				"up": {"uv": [1.907, 10.672, 14.299, 13.063], "rotation": 180, "texture": "#1"},
				"down": {"uv": [1.907, 10.672, 14.299, 13.063], "rotation": 180, "texture": "#1"}
			}
		},
		{
			"from": [-0.1, 8.9, 0.1],
			"to": [0, 10.6, 10.9],
			"rotation": {"angle": 0, "axis": "y", "origin": [-7, 8, 8]},
			"faces": {
				"north": {"uv": [2.032, 0, 14.425, 2.435], "texture": "#1"},
				"east": {"uv": [2.032, 0, 14.425, 2.435], "texture": "#1"},
				"south": {"uv": [2.032, 0, 14.425, 2.435], "texture": "#1"},
				"west": {"uv": [2.032, 0, 14.425, 2.435], "texture": "#1"},
				"up": {"uv": [2.032, 0, 14.425, 2.435], "rotation": 180, "texture": "#1"},
				"down": {"uv": [2.032, 0, 14.425, 2.435], "rotation": 180, "texture": "#1"}
			}
		},
		{
			"from": [1, 8.9, 0.1],
			"to": [1.1, 10.6, 10.9],
			"rotation": {"angle": 0, "axis": "y", "origin": [-7, 8, 8]},
			"faces": {
				"north": {"uv": [2.032, 0, 14.425, 2.435], "texture": "#1"},
				"east": {"uv": [2.032, 0, 14.425, 2.435], "texture": "#1"},
				"south": {"uv": [2.032, 0, 14.425, 2.435], "texture": "#1"},
				"west": {"uv": [2.032, 0, 14.425, 2.435], "texture": "#1"},
				"up": {"uv": [2.032, 0, 14.425, 2.435], "rotation": 180, "texture": "#1"},
				"down": {"uv": [2.032, 0, 14.425, 2.435], "rotation": 180, "texture": "#1"}
			}
		},
		{
			"from": [-0.1, 7, 0.1],
			"to": [0, 8.7, 10.9],
			"rotation": {"angle": 0, "axis": "y", "origin": [-7, 8, 8]},
			"faces": {
				"north": {"uv": [1.953, 2.578, 14.347, 5.013], "texture": "#1"},
				"east": {"uv": [1.953, 2.578, 14.347, 5.013], "texture": "#1"},
				"south": {"uv": [1.953, 2.578, 14.347, 5.013], "texture": "#1"},
				"west": {"uv": [1.953, 2.578, 14.347, 5.013], "texture": "#1"},
				"up": {"uv": [1.953, 2.578, 14.347, 5.013], "rotation": 180, "texture": "#1"},
				"down": {"uv": [1.953, 2.578, 14.347, 5.013], "rotation": 180, "texture": "#1"}
			}
		},
		{
			"from": [1, 7, 0.1],
			"to": [1.1, 8.7, 10.9],
			"rotation": {"angle": 0, "axis": "y", "origin": [-7, 8, 8]},
			"faces": {
				"north": {"uv": [1.953, 2.578, 14.347, 5.013], "texture": "#1"},
				"east": {"uv": [1.953, 2.578, 14.347, 5.013], "texture": "#1"},
				"south": {"uv": [1.953, 2.578, 14.347, 5.013], "texture": "#1"},
				"west": {"uv": [1.953, 2.578, 14.347, 5.013], "texture": "#1"},
				"up": {"uv": [1.953, 2.578, 14.347, 5.013], "rotation": 180, "texture": "#1"},
				"down": {"uv": [1.953, 2.578, 14.347, 5.013], "rotation": 180, "texture": "#1"}
			}
		},
		{
			"from": [-0.1, 5.1, 0.1],
			"to": [0, 6.8, 10.9],
			"rotation": {"angle": 0, "axis": "y", "origin": [-7, 8, 8]},
			"faces": {
				"north": {"uv": [1.859, 8.032, 14.253, 10.468], "texture": "#1"},
				"east": {"uv": [1.859, 8.032, 14.253, 10.468], "texture": "#1"},
				"south": {"uv": [1.859, 8.032, 14.253, 10.468], "texture": "#1"},
				"west": {"uv": [1.859, 5.532, 14.253, 7.967], "texture": "#1"},
				"up": {"uv": [1.859, 8.032, 14.253, 10.468], "rotation": 180, "texture": "#1"},
				"down": {"uv": [1.859, 8.032, 14.253, 10.468], "rotation": 180, "texture": "#1"}
			}
		},
		{
			"from": [1, 5.1, 0.1],
			"to": [1.1, 6.8, 10.9],
			"rotation": {"angle": 0, "axis": "y", "origin": [-7, 8, 8]},
			"faces": {
				"north": {"uv": [1.859, 8.032, 14.253, 10.468], "texture": "#1"},
				"east": {"uv": [1.859, 8.032, 14.253, 10.468], "texture": "#1"},
				"south": {"uv": [1.859, 8.032, 14.253, 10.468], "texture": "#1"},
				"west": {"uv": [1.859, 5.532, 14.253, 7.967], "texture": "#1"},
				"up": {"uv": [1.859, 8.032, 14.253, 10.468], "rotation": 180, "texture": "#1"},
				"down": {"uv": [1.859, 8.032, 14.253, 10.468], "rotation": 180, "texture": "#1"}
			}
		},
		{
			"from": [-0.1, 3.2, 0.1],
			"to": [0, 4.9, 10.9],
			"rotation": {"angle": 0, "axis": "y", "origin": [-7, 8, 8]},
			"faces": {
				"north": {"uv": [1.859, 8.032, 14.253, 10.468], "texture": "#1"},
				"east": {"uv": [1.859, 8.032, 14.253, 10.468], "texture": "#1"},
				"south": {"uv": [1.859, 8.032, 14.253, 10.468], "texture": "#1"},
				"west": {"uv": [1.859, 8.032, 14.253, 10.468], "texture": "#1"},
				"up": {"uv": [1.859, 8.032, 14.253, 10.468], "rotation": 180, "texture": "#1"},
				"down": {"uv": [1.859, 8.032, 14.253, 10.468], "rotation": 180, "texture": "#1"}
			}
		},
		{
			"from": [1, 3.2, 0.1],
			"to": [1.1, 4.9, 10.9],
			"rotation": {"angle": 0, "axis": "y", "origin": [-7, 8, 8]},
			"faces": {
				"north": {"uv": [1.859, 8.032, 14.253, 10.468], "texture": "#1"},
				"east": {"uv": [1.859, 8.032, 14.253, 10.468], "texture": "#1"},
				"south": {"uv": [1.859, 8.032, 14.253, 10.468], "texture": "#1"},
				"west": {"uv": [1.859, 8.032, 14.253, 10.468], "texture": "#1"},
				"up": {"uv": [1.859, 8.032, 14.253, 10.468], "rotation": 180, "texture": "#1"},
				"down": {"uv": [1.859, 8.032, 14.253, 10.468], "rotation": 180, "texture": "#1"}
			}
		},
		{
			"from": [-0.1, 1.3, 0.1],
			"to": [0, 3, 10.9],
			"rotation": {"angle": 0, "axis": "y", "origin": [-7, 8, 8]},
			"faces": {
				"north": {"uv": [1.859, 13.563, 14.253, 16], "texture": "#1"},
				"east": {"uv": [1.859, 13.563, 14.253, 16], "texture": "#1"},
				"south": {"uv": [1.859, 13.563, 14.253, 16], "texture": "#1"},
				"west": {"uv": [1.953, 10.578, 14.347, 13.015], "texture": "#1"},
				"up": {"uv": [1.859, 13.563, 14.253, 16], "rotation": 180, "texture": "#1"},
				"down": {"uv": [1.859, 13.563, 14.253, 16], "rotation": 180, "texture": "#1"}
			}
		},
		{
			"from": [1, 1.3, 0.1],
			"to": [1.1, 3, 10.9],
			"rotation": {"angle": 0, "axis": "y", "origin": [-7, 8, 8]},
			"faces": {
				"north": {"uv": [1.859, 13.563, 14.253, 16], "texture": "#1"},
				"east": {"uv": [1.859, 13.563, 14.253, 16], "texture": "#1"},
				"south": {"uv": [1.859, 13.563, 14.253, 16], "texture": "#1"},
				"west": {"uv": [1.953, 10.578, 14.347, 13.015], "texture": "#1"},
				"up": {"uv": [1.859, 13.563, 14.253, 16], "rotation": 180, "texture": "#1"},
				"down": {"uv": [1.859, 13.563, 14.253, 16], "rotation": 180, "texture": "#1"}
			}
		},
		{
			"from": [-0.1, 14.6, 0.1],
			"to": [0, 16, 15.9],
			"rotation": {"angle": 0, "axis": "y", "origin": [-7, 8, 8]},
			"faces": {
				"north": {"uv": [1.907, 10.672, 14.299, 13.063], "texture": "#1"},
				"east": {"uv": [1.907, 10.672, 14.299, 13.063], "texture": "#1"},
				"south": {"uv": [1.907, 10.672, 14.299, 13.063], "texture": "#1"},
				"west": {"uv": [1.907, 10.672, 14.299, 13.063], "texture": "#1"},
				"up": {"uv": [1.907, 10.672, 14.299, 13.063], "rotation": 180, "texture": "#1"},
				"down": {"uv": [1.907, 10.672, 14.299, 13.063], "rotation": 180, "texture": "#1"}
			}
		},
		{
			"from": [1, 14.6, 0.1],
			"to": [1.1, 16, 15.9],
			"rotation": {"angle": 0, "axis": "y", "origin": [-7, 8, 8]},
			"faces": {
				"north": {"uv": [1.907, 10.672, 14.299, 13.063], "texture": "#1"},
				"east": {"uv": [1.907, 10.672, 14.299, 13.063], "texture": "#1"},
				"south": {"uv": [1.907, 10.672, 14.299, 13.063], "texture": "#1"},
				"west": {"uv": [1.907, 10.672, 14.299, 13.063], "texture": "#1"},
				"up": {"uv": [1.907, 10.672, 14.299, 13.063], "rotation": 180, "texture": "#1"},
				"down": {"uv": [1.907, 10.672, 14.299, 13.063], "rotation": 180, "texture": "#1"}
			}
		},
		{
			"from": [-0.1, 0, 14.1],
			"to": [0, 1.1, 15.9],
			"rotation": {"angle": 0, "axis": "y", "origin": [-7, 8, 8]},
			"faces": {
				"north": {"uv": [1.907, 10.672, 14.299, 13.063], "texture": "#1"},
				"east": {"uv": [1.907, 10.672, 14.299, 13.063], "texture": "#1"},
				"south": {"uv": [1.907, 10.672, 14.299, 13.063], "texture": "#1"},
				"west": {"uv": [1.907, 10.672, 14.299, 13.063], "texture": "#1"},
				"up": {"uv": [1.907, 10.672, 14.299, 13.063], "rotation": 180, "texture": "#1"},
				"down": {"uv": [1.907, 10.672, 14.299, 13.063], "rotation": 180, "texture": "#1"}
			}
		},
		{
			"from": [1, 0, 14.1],
			"to": [1.1, 1.1, 15.9],
			"rotation": {"angle": 0, "axis": "y", "origin": [-7, 8, 8]},
			"faces": {
				"north": {"uv": [1.907, 10.672, 14.299, 13.063], "texture": "#1"},
				"east": {"uv": [1.907, 10.672, 14.299, 13.063], "texture": "#1"},
				"south": {"uv": [1.907, 10.672, 14.299, 13.063], "texture": "#1"},
				"west": {"uv": [1.907, 10.672, 14.299, 13.063], "texture": "#1"},
				"up": {"uv": [1.907, 10.672, 14.299, 13.063], "rotation": 180, "texture": "#1"},
				"down": {"uv": [1.907, 10.672, 14.299, 13.063], "rotation": 180, "texture": "#1"}
			}
		},
		{
			"from": [-0.1, 1.3, 14.1],
			"to": [0, 3, 15.9],
			"rotation": {"angle": 0, "axis": "y", "origin": [-7, 8, 8]},
			"faces": {
				"north": {"uv": [1.859, 13.563, 14.253, 16], "texture": "#1"},
				"east": {"uv": [1.859, 13.563, 14.253, 16], "texture": "#1"},
				"south": {"uv": [1.859, 13.563, 14.253, 16], "texture": "#1"},
				"west": {"uv": [1.953, 10.578, 14.347, 13.015], "texture": "#1"},
				"up": {"uv": [1.859, 13.563, 14.253, 16], "rotation": 180, "texture": "#1"},
				"down": {"uv": [1.859, 13.563, 14.253, 16], "rotation": 180, "texture": "#1"}
			}
		},
		{
			"from": [1, 1.3, 14.1],
			"to": [1.1, 3, 15.9],
			"rotation": {"angle": 0, "axis": "y", "origin": [-7, 8, 8]},
			"faces": {
				"north": {"uv": [1.859, 13.563, 14.253, 16], "texture": "#1"},
				"east": {"uv": [1.859, 13.563, 14.253, 16], "texture": "#1"},
				"south": {"uv": [1.859, 13.563, 14.253, 16], "texture": "#1"},
				"west": {"uv": [1.953, 10.578, 14.347, 13.015], "texture": "#1"},
				"up": {"uv": [1.859, 13.563, 14.253, 16], "rotation": 180, "texture": "#1"},
				"down": {"uv": [1.859, 13.563, 14.253, 16], "rotation": 180, "texture": "#1"}
			}
		},
		{
			"from": [-0.1, 3.2, 14.1],
			"to": [0, 4.9, 15.9],
			"rotation": {"angle": 0, "axis": "y", "origin": [-7, 8, 8]},
			"faces": {
				"north": {"uv": [1.859, 8.032, 14.253, 10.468], "texture": "#1"},
				"east": {"uv": [1.859, 8.032, 14.253, 10.468], "texture": "#1"},
				"south": {"uv": [1.859, 8.032, 14.253, 10.468], "texture": "#1"},
				"west": {"uv": [1.859, 8.032, 14.253, 10.468], "texture": "#1"},
				"up": {"uv": [1.859, 8.032, 14.253, 10.468], "rotation": 180, "texture": "#1"},
				"down": {"uv": [1.859, 8.032, 14.253, 10.468], "rotation": 180, "texture": "#1"}
			}
		},
		{
			"from": [1, 3.2, 14.1],
			"to": [1.1, 4.9, 15.9],
			"rotation": {"angle": 0, "axis": "y", "origin": [-7, 8, 8]},
			"faces": {
				"north": {"uv": [1.859, 8.032, 14.253, 10.468], "texture": "#1"},
				"east": {"uv": [1.859, 8.032, 14.253, 10.468], "texture": "#1"},
				"south": {"uv": [1.859, 8.032, 14.253, 10.468], "texture": "#1"},
				"west": {"uv": [1.859, 8.032, 14.253, 10.468], "texture": "#1"},
				"up": {"uv": [1.859, 8.032, 14.253, 10.468], "rotation": 180, "texture": "#1"},
				"down": {"uv": [1.859, 8.032, 14.253, 10.468], "rotation": 180, "texture": "#1"}
			}
		},
		{
			"from": [-0.1, 5.1, 14.1],
			"to": [0, 6.8, 15.9],
			"rotation": {"angle": 0, "axis": "y", "origin": [-7, 8, 8]},
			"faces": {
				"north": {"uv": [1.859, 8.032, 14.253, 10.468], "texture": "#1"},
				"east": {"uv": [1.859, 8.032, 14.253, 10.468], "texture": "#1"},
				"south": {"uv": [1.859, 8.032, 14.253, 10.468], "texture": "#1"},
				"west": {"uv": [1.859, 5.532, 14.253, 7.967], "texture": "#1"},
				"up": {"uv": [1.859, 8.032, 14.253, 10.468], "rotation": 180, "texture": "#1"},
				"down": {"uv": [1.859, 8.032, 14.253, 10.468], "rotation": 180, "texture": "#1"}
			}
		},
		{
			"from": [1, 5.1, 14.1],
			"to": [1.1, 6.8, 15.9],
			"rotation": {"angle": 0, "axis": "y", "origin": [-7, 8, 8]},
			"faces": {
				"north": {"uv": [1.859, 8.032, 14.253, 10.468], "texture": "#1"},
				"east": {"uv": [1.859, 8.032, 14.253, 10.468], "texture": "#1"},
				"south": {"uv": [1.859, 8.032, 14.253, 10.468], "texture": "#1"},
				"west": {"uv": [1.859, 5.532, 14.253, 7.967], "texture": "#1"},
				"up": {"uv": [1.859, 8.032, 14.253, 10.468], "rotation": 180, "texture": "#1"},
				"down": {"uv": [1.859, 8.032, 14.253, 10.468], "rotation": 180, "texture": "#1"}
			}
		},
		{
			"from": [-0.1, 7, 14.1],
			"to": [0, 8.7, 15.9],
			"rotation": {"angle": 0, "axis": "y", "origin": [-7, 8, 8]},
			"faces": {
				"north": {"uv": [1.953, 2.578, 14.347, 5.013], "texture": "#1"},
				"east": {"uv": [1.953, 2.578, 14.347, 5.013], "texture": "#1"},
				"south": {"uv": [1.953, 2.578, 14.347, 5.013], "texture": "#1"},
				"west": {"uv": [1.953, 2.578, 14.347, 5.013], "texture": "#1"},
				"up": {"uv": [1.953, 2.578, 14.347, 5.013], "rotation": 180, "texture": "#1"},
				"down": {"uv": [1.953, 2.578, 14.347, 5.013], "rotation": 180, "texture": "#1"}
			}
		},
		{
			"from": [1, 7, 14.1],
			"to": [1.1, 8.7, 15.9],
			"rotation": {"angle": 0, "axis": "y", "origin": [-7, 8, 8]},
			"faces": {
				"north": {"uv": [1.953, 2.578, 14.347, 5.013], "texture": "#1"},
				"east": {"uv": [1.953, 2.578, 14.347, 5.013], "texture": "#1"},
				"south": {"uv": [1.953, 2.578, 14.347, 5.013], "texture": "#1"},
				"west": {"uv": [1.953, 2.578, 14.347, 5.013], "texture": "#1"},
				"up": {"uv": [1.953, 2.578, 14.347, 5.013], "rotation": 180, "texture": "#1"},
				"down": {"uv": [1.953, 2.578, 14.347, 5.013], "rotation": 180, "texture": "#1"}
			}
		},
		{
			"from": [-0.1, 8.9, 14.1],
			"to": [0, 10.6, 15.9],
			"rotation": {"angle": 0, "axis": "y", "origin": [-7, 8, 8]},
			"faces": {
				"north": {"uv": [2.032, 0, 14.425, 2.435], "texture": "#1"},
				"east": {"uv": [2.032, 0, 14.425, 2.435], "texture": "#1"},
				"south": {"uv": [2.032, 0, 14.425, 2.435], "texture": "#1"},
				"west": {"uv": [2.032, 0, 14.425, 2.435], "texture": "#1"},
				"up": {"uv": [2.032, 0, 14.425, 2.435], "rotation": 180, "texture": "#1"},
				"down": {"uv": [2.032, 0, 14.425, 2.435], "rotation": 180, "texture": "#1"}
			}
		},
		{
			"from": [1, 8.9, 14.1],
			"to": [1.1, 10.6, 15.9],
			"rotation": {"angle": 0, "axis": "y", "origin": [-7, 8, 8]},
			"faces": {
				"north": {"uv": [2.032, 0, 14.425, 2.435], "texture": "#1"},
				"east": {"uv": [2.032, 0, 14.425, 2.435], "texture": "#1"},
				"south": {"uv": [2.032, 0, 14.425, 2.435], "texture": "#1"},
				"west": {"uv": [2.032, 0, 14.425, 2.435], "texture": "#1"},
				"up": {"uv": [2.032, 0, 14.425, 2.435], "rotation": 180, "texture": "#1"},
				"down": {"uv": [2.032, 0, 14.425, 2.435], "rotation": 180, "texture": "#1"}
			}
		},
		{
			"from": [-0.1, 10.8, 14.1],
			"to": [0, 12.5, 15.9],
			"rotation": {"angle": 0, "axis": "y", "origin": [-7, 8, 8]},
			"faces": {
				"north": {"uv": [1.859, 13.609, 14.252, 16], "texture": "#1"},
				"east": {"uv": [1.859, 13.609, 14.252, 16], "texture": "#1"},
				"south": {"uv": [1.859, 13.609, 14.252, 16], "texture": "#1"},
				"west": {"uv": [1.859, 13.609, 14.252, 16], "texture": "#1"},
				"up": {"uv": [1.859, 13.609, 14.252, 16], "rotation": 180, "texture": "#1"},
				"down": {"uv": [1.859, 13.609, 14.252, 16], "rotation": 180, "texture": "#1"}
			}
		},
		{
			"from": [1, 10.8, 14.1],
			"to": [1.1, 12.5, 15.9],
			"rotation": {"angle": 0, "axis": "y", "origin": [-7, 8, 8]},
			"faces": {
				"north": {"uv": [1.859, 13.609, 14.252, 16], "texture": "#1"},
				"east": {"uv": [1.859, 13.609, 14.252, 16], "texture": "#1"},
				"south": {"uv": [1.859, 13.609, 14.252, 16], "texture": "#1"},
				"west": {"uv": [1.859, 13.609, 14.252, 16], "texture": "#1"},
				"up": {"uv": [1.859, 13.609, 14.252, 16], "rotation": 180, "texture": "#1"},
				"down": {"uv": [1.859, 13.609, 14.252, 16], "rotation": 180, "texture": "#1"}
			}
		},
		{
			"from": [-0.1, 12.7, 14.1],
			"to": [0, 14.4, 15.9],
			"rotation": {"angle": 0, "axis": "y", "origin": [-7, 8, 8]},
			"faces": {
				"north": {"uv": [1.907, 10.672, 14.299, 13.063], "texture": "#1"},
				"east": {"uv": [1.907, 10.672, 14.299, 13.063], "texture": "#1"},
				"south": {"uv": [1.907, 10.672, 14.299, 13.063], "texture": "#1"},
				"west": {"uv": [1.907, 10.672, 14.299, 13.063], "texture": "#1"},
				"up": {"uv": [1.907, 10.672, 14.299, 13.063], "rotation": 180, "texture": "#1"},
				"down": {"uv": [1.907, 10.672, 14.299, 13.063], "rotation": 180, "texture": "#1"}
			}
		},
		{
			"from": [1, 12.7, 14.1],
			"to": [1.1, 14.4, 15.9],
			"rotation": {"angle": 0, "axis": "y", "origin": [-7, 8, 8]},
			"faces": {
				"north": {"uv": [1.907, 10.672, 14.299, 13.063], "texture": "#1"},
				"east": {"uv": [1.907, 10.672, 14.299, 13.063], "texture": "#1"},
				"south": {"uv": [1.907, 10.672, 14.299, 13.063], "texture": "#1"},
				"west": {"uv": [1.907, 10.672, 14.299, 13.063], "texture": "#1"},
				"up": {"uv": [1.907, 10.672, 14.299, 13.063], "rotation": 180, "texture": "#1"},
				"down": {"uv": [1.907, 10.672, 14.299, 13.063], "rotation": 180, "texture": "#1"}
			}
		},
		{
			"from": [-0.1, 14.1, 10.9],
			"to": [0, 14.4, 14.1],
			"rotation": {"angle": 0, "axis": "y", "origin": [-7, 8, 8]},
			"faces": {
				"north": {"uv": [1.907, 10.672, 14.299, 13.063], "texture": "#1"},
				"east": {"uv": [1.907, 10.672, 14.299, 13.063], "texture": "#1"},
				"south": {"uv": [1.907, 10.672, 14.299, 13.063], "texture": "#1"},
				"west": {"uv": [1.907, 10.672, 14.299, 11.203], "texture": "#1"},
				"up": {"uv": [1.907, 10.672, 14.299, 13.063], "rotation": 180, "texture": "#1"},
				"down": {"uv": [1.907, 10.672, 14.299, 13.063], "rotation": 180, "texture": "#1"}
			}
		},
		{
			"from": [1, 14.1, 10.9],
			"to": [1.1, 14.4, 14.1],
			"rotation": {"angle": 0, "axis": "y", "origin": [-7, 8, 8]},
			"faces": {
				"north": {"uv": [1.907, 10.672, 14.299, 13.063], "texture": "#1"},
				"east": {"uv": [1.907, 10.672, 14.299, 13.063], "texture": "#1"},
				"south": {"uv": [1.907, 10.672, 14.299, 13.063], "texture": "#1"},
				"west": {"uv": [1.907, 10.672, 14.299, 11.203], "texture": "#1"},
				"up": {"uv": [1.907, 10.672, 14.299, 13.063], "rotation": 180, "texture": "#1"},
				"down": {"uv": [1.907, 10.672, 14.299, 13.063], "rotation": 180, "texture": "#1"}
			}
		},
		{
			"from": [0.1, 13.9, 10.95],
			"to": [0.5, 14, 13.85],
			"rotation": {"angle": 0, "axis": "y", "origin": [-7, 8, 8]},
			"faces": {
				"north": {"uv": [0, 0, 0.00781, 0.00781], "rotation": 270, "texture": "#3"},
				"east": {"uv": [0, 0, 0.00781, 0.00781], "rotation": 270, "texture": "#3"},
				"south": {"uv": [0, 0, 0.00781, 0.00781], "rotation": 270, "texture": "#3"},
				"west": {"uv": [0, 0, 0.00781, 0.00781], "rotation": 270, "texture": "#3"},
				"up": {"uv": [0, 0, 0.00781, 0.00781], "rotation": 90, "texture": "#3"},
				"down": {"uv": [0, 0, 0.00781, 0.00781], "rotation": 90, "texture": "#3"}
			}
		},
		{
			"from": [0.5, 13.9, 11.05],
			"to": [0.6, 14, 13.95],
			"rotation": {"angle": 0, "axis": "y", "origin": [-7, 8, 8]},
			"faces": {
				"north": {"uv": [0, 0, 0.00781, 0.01563], "texture": "#3"},
				"east": {"uv": [0, 0, 0.00781, 0.01563], "texture": "#missing"},
				"south": {"uv": [0, 0, 0.00781, 0.01563], "texture": "#3"},
				"west": {"uv": [0, 0, 0.00781, 0.01563], "texture": "#missing"},
				"up": {"uv": [0, 0, 0.00781, 0.00781], "rotation": 90, "texture": "#2"},
				"down": {"uv": [0, 0, 0.00781, 0.00781], "rotation": 270, "texture": "#2"}
			}
		},
		{
			"from": [0.6, 13.9, 10.95],
			"to": [0.9, 14, 13.95],
			"rotation": {"angle": 0, "axis": "y", "origin": [-7, 8, 8]},
			"faces": {
				"north": {"uv": [0, 0, 0.00781, 0.00781], "rotation": 270, "texture": "#3"},
				"east": {"uv": [0, 0, 0.00781, 0.00781], "rotation": 270, "texture": "#3"},
				"south": {"uv": [0, 0, 0.00781, 0.00781], "rotation": 270, "texture": "#3"},
				"west": {"uv": [0, 0, 0.00781, 0.00781], "rotation": 270, "texture": "#3"},
				"up": {"uv": [0, 0, 0.00781, 0.00781], "rotation": 90, "texture": "#3"},
				"down": {"uv": [0, 0, 0.00781, 0.00781], "rotation": 90, "texture": "#3"}
			}
		},
		{
			"from": [0.1, 0, -0.05],
			"to": [0.9, 1.7, 0.05],
			"rotation": {"angle": 0, "axis": "y", "origin": [-7, 8, 8]},
			"faces": {
				"north": {"uv": [0, 0, 0.00781, 0.01563], "texture": "#3"},
				"east": {"uv": [0, 0, 0.00781, 0.01563], "texture": "#3"},
				"south": {"uv": [0, 0, 0.00781, 0.01563], "texture": "#3"},
				"west": {"uv": [0, 0, 0.00781, 0.01563], "texture": "#3"},
				"up": {"uv": [0, 0, 0.00781, 0.01563], "rotation": 180, "texture": "#3"},
				"down": {"uv": [0, 0, 0.00781, 0.01563], "rotation": 180, "texture": "#3"}
			}
		},
		{
			"from": [0.45, 0, -0.25],
			"to": [0.6, 0.3, -0.05],
			"rotation": {"angle": 0, "axis": "y", "origin": [-7, 8, 8]},
			"faces": {
				"north": {"uv": [0, 0, 0.00781, 0.01563], "texture": "#3"},
				"east": {"uv": [0, 0, 0.00781, 0.01563], "texture": "#3"},
				"south": {"uv": [0, 0, 0.00781, 0.01563], "texture": "#3"},
				"west": {"uv": [0, 0, 0.00781, 0.01563], "texture": "#3"},
				"up": {"uv": [0, 0, 0.00781, 0.01563], "rotation": 180, "texture": "#3"},
				"down": {"uv": [0, 0, 0.00781, 0.01563], "rotation": 180, "texture": "#3"}
			}
		},
		{
			"from": [-0.7, 0, 1.1],
			"to": [-0.5, 8.4, 1.8],
			"rotation": {"angle": 0, "axis": "y", "origin": [-7, 8, 8]},
			"faces": {
				"north": {"uv": [3.625, 0.063, 4.789, 16], "texture": "#3"},
				"east": {"uv": [1.375, 0, 3.124, 15.998], "texture": "#3"},
				"south": {"uv": [8.14, 0, 9.193, 15.999], "texture": "#3"},
				"west": {"uv": [0, 0, 1.953, 15.999], "texture": "#3"},
				"up": {"uv": [0, 0, 0.01563, 0.00781], "rotation": 90, "texture": "#3"},
				"down": {"uv": [10.891, 3.672, 12.891, 4.633], "rotation": 270, "texture": "#3"}
			}
		},
		{
			"from": [-0.5, 6.4, 1.35],
			"to": [0, 7, 1.55],
			"rotation": {"angle": 0, "axis": "y", "origin": [-7, 8, 8]},
			"faces": {
				"north": {"uv": [0, 0, 0.00781, 0.01563], "texture": "#3"},
				"east": {"uv": [0, 0, 0.00781, 0.01563], "texture": "#missing"},
				"south": {"uv": [0, 0, 0.00781, 0.01563], "texture": "#3"},
				"west": {"uv": [0, 0, 0.00781, 0.01563], "texture": "#missing"},
				"up": {"uv": [0, 0, 0.00781, 0.00781], "rotation": 90, "texture": "#3"},
				"down": {"uv": [0, 0, 0.00781, 0.00781], "rotation": 270, "texture": "#3"}
			}
		},
		{
			"from": [1, 6.4, 1.35],
			"to": [1.5, 7, 1.55],
			"rotation": {"angle": 0, "axis": "y", "origin": [-7, 8, 8]},
			"faces": {
				"north": {"uv": [0, 0, 0.00781, 0.01563], "texture": "#3"},
				"east": {"uv": [0, 0, 0.00781, 0.01563], "texture": "#missing"},
				"south": {"uv": [0, 0, 0.00781, 0.01563], "texture": "#3"},
				"west": {"uv": [0, 0, 0.00781, 0.01563], "texture": "#missing"},
				"up": {"uv": [0, 0, 0.00781, 0.00781], "rotation": 90, "texture": "#3"},
				"down": {"uv": [0, 0, 0.00781, 0.00781], "rotation": 270, "texture": "#3"}
			}
		},
		{
			"from": [1.5, 0, 1.1],
			"to": [1.7, 8.4, 1.8],
			"rotation": {"angle": 0, "axis": "y", "origin": [-7, 8, 8]},
			"faces": {
				"north": {"uv": [3.625, 0.063, 4.789, 16], "texture": "#3"},
				"east": {"uv": [1.375, 0, 3.124, 15.998], "texture": "#3"},
				"south": {"uv": [8.14, 0, 9.193, 15.999], "texture": "#3"},
				"west": {"uv": [0, 0, 1.953, 15.999], "texture": "#3"},
				"up": {"uv": [0, 0, 0.01563, 0.00781], "rotation": 90, "texture": "#3"},
				"down": {"uv": [10.891, 3.672, 12.891, 4.633], "rotation": 270, "texture": "#3"}
			}
		},
		{
			"from": [0, 0, 13.9],
			"to": [1, 16, 16],
			"rotation": {"angle": 0, "axis": "y", "origin": [-7, 8, 8]},
			"faces": {
				"north": {"uv": [2.125, 0, 4, 15.997], "texture": "#1"},
				"east": {"uv": [2.125, 0, 4, 15.997], "texture": "#1"},
				"south": {"uv": [2.125, 0, 4, 15.997], "texture": "#1"},
				"west": {"uv": [2.125, 0, 4, 15.997], "texture": "#1"},
				"up": {"uv": [2.125, 0, 4, 15.997], "rotation": 180, "texture": "#1"},
				"down": {"uv": [2.125, 0, 4, 15.997], "rotation": 180, "texture": "#1"}
			}
		},
		{
			"from": [0.1, 10.3, 16],
			"to": [0.9, 13, 16.1],
			"rotation": {"angle": 0, "axis": "y", "origin": [-7, 8, 8]},
			"faces": {
				"north": {"uv": [0, 0, 2.613, 6.341], "texture": "#3"},
				"east": {"uv": [0, 0, 2.613, 6.341], "texture": "#3"},
				"south": {"uv": [0, 0, 2.613, 6.341], "texture": "#3"},
				"west": {"uv": [0, 0, 2.613, 6.341], "texture": "#3"},
				"up": {"uv": [0, 0, 2.613, 6.341], "rotation": 180, "texture": "#3"},
				"down": {"uv": [0, 0, 2.613, 6.341], "rotation": 180, "texture": "#3"}
			}
		}
	],
	"groups": [
		{
			"name": "top",
			"origin": [8, 8, 8],
			"children": [
				{
					"name": "group",
					"origin": [8, 8, 8],
					"children": [0, 1, 2, 3, 4, 5, 6, 7, 8, 9, 10, 11, 12, 13, 14, 15, 16, 17, 18, 19, 20, 21, 22, 23, 24, 25, 26, 27, 28, 29, 30, 31, 32, 33, 34, 35, 36, 37, 38, 39, 40, 41, 42, 43, 44, 45, 46, 47, 48, 49, 50, 51, 52, 53, 54]
				}
			]
		}
	]
}