{
	"credit": "Made with Blockbench",
	"ambientocclusion": false,
	"textures": {
		"2": "block/cmodels/black_door",
		"3": "block/cmodels/metal1",
		"4": "block/cmodels/dark_oak_door",
		"particle": "block/cmodels/dark_oak_door"
	},
	"elements": [
		{
			"from": [0, 0, 12],
			"to": [1, 16, 16],
			"faces": {
				"north": {"uv": [0, 0, 15.998, 5.765], "rotation": 90, "texture": "#4"},
				"east": {"uv": [0, 0, 15.998, 5.765], "rotation": 90, "texture": "#4"},
				"south": {"uv": [0, 0, 15.998, 5.765], "rotation": 90, "texture": "#4"},
				"west": {"uv": [0, 0, 15.998, 5.765], "rotation": 90, "texture": "#4"},
				"down": {"uv": [0, 0, 15.998, 5.765], "rotation": 90, "texture": "#4"}
			}
		},
		{
			"from": [0, 0, 0],
			"to": [1, 16, 4.1],
			"faces": {
				"north": {"uv": [0, 0, 16, 5.513], "rotation": 90, "texture": "#4"},
				"east": {"uv": [0, 0, 16, 5.513], "rotation": 90, "texture": "#4"},
				"south": {"uv": [0, 0, 16, 5.513], "rotation": 90, "texture": "#4"},
				"west": {"uv": [0, 0, 16, 5.513], "rotation": 90, "texture": "#4"},
				"down": {"uv": [0, 0, 16, 5.513], "rotation": 90, "texture": "#4"}
			}
		},
		{
			"from": [0, 0, 4.1],
			"to": [1, 3, 12],
			"faces": {
				"north": {"uv": [4.359, 0, 14.187, 5.234], "rotation": 180, "texture": "#4"},
				"east": {"uv": [4.359, 0, 14.187, 5.234], "rotation": 180, "texture": "#4"},
				"south": {"uv": [4.359, 0, 14.187, 5.234], "rotation": 180, "texture": "#4"},
				"west": {"uv": [4.359, 0, 14.187, 5.234], "rotation": 180, "texture": "#4"},
				"up": {"uv": [4.359, 0, 14.187, 5.234], "rotation": 180, "texture": "#4"},
				"down": {"uv": [4.359, 0, 14.187, 5.234], "rotation": 180, "texture": "#4"}
			}
		},
		{
			"from": [1, 14.7, 14.15],
			"to": [1.2, 15.7, 15.15],
			"rotation": {"angle": 0, "axis": "y", "origin": [8, 11, 8]},
			"faces": {
				"north": {"uv": [0, 0, 0.00781, 0.01563], "texture": "#3"},
				"east": {"uv": [0, 0, 0.00781, 0.01563], "texture": "#3"},
				"south": {"uv": [0, 0, 0.00781, 0.01563], "texture": "#3"},
				"west": {"uv": [0, 0, 0.00781, 0.01563], "texture": "#3"},
				"up": {"uv": [0, 0, 0.00781, 0.01563], "texture": "#3"},
				"down": {"uv": [0, 0, 0.00781, 0.01563], "texture": "#3"}
			}
		},
		{
			"from": [-0.2, 14.7, 14.15],
			"to": [0, 15.7, 15.15],
			"rotation": {"angle": 0, "axis": "y", "origin": [-7, 15, 21.3]},
			"faces": {
				"north": {"uv": [0, 0, 0.00781, 0.01563], "texture": "#3"},
				"east": {"uv": [0, 0, 0.00781, 0.01563], "texture": "#3"},
				"south": {"uv": [0, 0, 0.00781, 0.01563], "texture": "#3"},
				"west": {"uv": [0, 0, 0.00781, 0.01563], "texture": "#3"},
				"up": {"uv": [0, 0, 0.00781, 0.01563], "rotation": 180, "texture": "#3"},
				"down": {"uv": [0, 0, 0.00781, 0.01563], "rotation": 180, "texture": "#3"}
			}
		},
		{
			"from": [0.1, 14.1, 15.95],
			"to": [0.9, 16, 16.05],
			"rotation": {"angle": 0, "axis": "y", "origin": [8, 11, 8]},
			"faces": {
				"north": {"uv": [0, 0, 0.00781, 0.01563], "texture": "#3"},
				"east": {"uv": [0, 0, 0.00781, 0.01563], "texture": "#3"},
				"south": {"uv": [0, 0, 0.00781, 0.01563], "texture": "#3"},
				"west": {"uv": [0, 0, 0.00781, 0.01563], "texture": "#3"},
				"up": {"uv": [0, 0, 0.00781, 0.01563], "texture": "#3"},
				"down": {"uv": [0, 0, 0.00781, 0.01563], "texture": "#3"}
			}
		},
		{
			"from": [0.4, 15.4, 16.05],
			"to": [0.55, 16, 16.25],
			"rotation": {"angle": 0, "axis": "y", "origin": [8, 11, 8]},
			"faces": {
				"north": {"uv": [0, 0, 0.00781, 0.01563], "texture": "#3"},
				"east": {"uv": [0, 0, 0.00781, 0.01563], "texture": "#3"},
				"south": {"uv": [0, 0, 0.00781, 0.01563], "texture": "#3"},
				"west": {"uv": [0, 0, 0.00781, 0.01563], "texture": "#3"},
				"up": {"uv": [0, 0, 0.00781, 0.01563], "texture": "#3"},
				"down": {"uv": [0, 0, 0.00781, 0.01563], "texture": "#3"}
			}
		},
		{
			"from": [0.1, 3.1, 4.05],
			"to": [0.4, 16, 4.15],
			"rotation": {"angle": 0, "axis": "y", "origin": [8, 11, 10]},
			"faces": {
				"north": {"uv": [0, 0, 0.00781, 0.01563], "texture": "#3"},
				"east": {"uv": [0, 0, 0.00781, 0.01563], "texture": "#3"},
				"south": {"uv": [0, 0, 0.00781, 0.01563], "texture": "#3"},
				"west": {"uv": [0, 0, 0.00781, 0.01563], "texture": "#3"},
				"up": {"uv": [0, 0, 0.00781, 0.01563], "texture": "#3"},
				"down": {"uv": [0, 0, 0.00781, 0.01563], "texture": "#3"}
			}
		},
		{
			"from": [0.1, 3.1, 11.95],
			"to": [0.4, 16, 12.05],
			"rotation": {"angle": 0, "axis": "y", "origin": [8, 11, 17.9]},
			"faces": {
				"north": {"uv": [0, 0, 0.00781, 0.01563], "texture": "#3"},
				"east": {"uv": [0, 0, 0.00781, 0.01563], "texture": "#3"},
				"south": {"uv": [0, 0, 0.00781, 0.01563], "texture": "#3"},
				"west": {"uv": [0, 0, 0.00781, 0.01563], "texture": "#3"},
				"up": {"uv": [0, 0, 0.00781, 0.01563], "texture": "#3"},
				"down": {"uv": [0, 0, 0.00781, 0.01563], "texture": "#3"}
			}
		},
		{
			"from": [0.1, 3, 4.05],
			"to": [0.4, 3.1, 12.05],
			"rotation": {"angle": 0, "axis": "y", "origin": [8, 12, 8]},
			"faces": {
				"north": {"uv": [0, 0, 0.00781, 0.00781], "rotation": 270, "texture": "#3"},
				"east": {"uv": [0, 0, 0.00781, 0.00781], "rotation": 270, "texture": "#3"},
				"south": {"uv": [0, 0, 0.00781, 0.00781], "rotation": 270, "texture": "#3"},
				"west": {"uv": [0, 0, 0.00781, 0.00781], "rotation": 270, "texture": "#3"},
				"up": {"uv": [0, 0, 0.00781, 0.00781], "rotation": 270, "texture": "#3"},
				"down": {"uv": [0, 0, 0.00781, 0.00781], "rotation": 270, "texture": "#3"}
			}
		},
		{
			"from": [0.1, 9.7, 4.05],
			"to": [0.4, 9.8, 12.05],
			"rotation": {"angle": 0, "axis": "y", "origin": [8, 18.7, 8]},
			"faces": {
				"north": {"uv": [0, 0, 0.00781, 0.00781], "rotation": 270, "texture": "#3"},
				"east": {"uv": [0, 0, 0.00781, 0.00781], "rotation": 270, "texture": "#3"},
				"south": {"uv": [0, 0, 0.00781, 0.00781], "rotation": 270, "texture": "#3"},
				"west": {"uv": [0, 0, 0.00781, 0.00781], "rotation": 270, "texture": "#3"},
				"up": {"uv": [0, 0, 0.00781, 0.00781], "rotation": 270, "texture": "#3"},
				"down": {"uv": [0, 0, 0.00781, 0.00781], "rotation": 270, "texture": "#3"}
			}
		},
		{
			"from": [0.1, 9.1, 4.05],
			"to": [0.4, 9.2, 12.05],
			"rotation": {"angle": 0, "axis": "y", "origin": [8, 18.1, 8]},
			"faces": {
				"north": {"uv": [0, 0, 0.00781, 0.00781], "rotation": 270, "texture": "#3"},
				"east": {"uv": [0, 0, 0.00781, 0.00781], "rotation": 270, "texture": "#3"},
				"south": {"uv": [0, 0, 0.00781, 0.00781], "rotation": 270, "texture": "#3"},
				"west": {"uv": [0, 0, 0.00781, 0.00781], "rotation": 270, "texture": "#3"},
				"up": {"uv": [0, 0, 0.00781, 0.00781], "rotation": 270, "texture": "#3"},
				"down": {"uv": [0, 0, 0.00781, 0.00781], "rotation": 270, "texture": "#3"}
			}
		},
		{
			"from": [0.1, 15.9, 4.05],
			"to": [0.4, 16, 12.05],
			"rotation": {"angle": 0, "axis": "y", "origin": [8, 24.9, 8]},
			"faces": {
				"north": {"uv": [0, 0, 0.00781, 0.00781], "rotation": 270, "texture": "#3"},
				"east": {"uv": [0, 0, 0.00781, 0.00781], "rotation": 270, "texture": "#3"},
				"south": {"uv": [0, 0, 0.00781, 0.00781], "rotation": 270, "texture": "#3"},
				"west": {"uv": [0, 0, 0.00781, 0.00781], "rotation": 270, "texture": "#3"},
				"up": {"uv": [0, 0, 0.00781, 0.00781], "rotation": 270, "texture": "#3"},
				"down": {"uv": [0, 0, 0.00781, 0.00781], "rotation": 270, "texture": "#3"}
			}
		},
		{
			"from": [0.5, 3, 4.05],
			"to": [0.9, 16, 4.15],
			"rotation": {"angle": 0, "axis": "y", "origin": [8, 11, 8]},
			"faces": {
				"north": {"uv": [0, 0, 0.00781, 0.01563], "texture": "#3"},
				"east": {"uv": [0, 0, 0.00781, 0.01563], "texture": "#3"},
				"south": {"uv": [0, 0, 0.00781, 0.01563], "texture": "#3"},
				"west": {"uv": [0, 0, 0.00781, 0.01563], "texture": "#3"},
				"up": {"uv": [0, 0, 0.00781, 0.01563], "texture": "#3"},
				"down": {"uv": [0, 0, 0.00781, 0.01563], "texture": "#3"}
			}
		},
		{
			"from": [0.4, 3, 4.05],
			"to": [0.5, 16, 4.15],
			"rotation": {"angle": 0, "axis": "y", "origin": [8, 11, 10]},
			"faces": {
				"north": {"uv": [0, 0, 0.00781, 0.01563], "texture": "#3"},
				"east": {"uv": [0, 0, 0.00781, 0.01563], "texture": "#missing"},
				"south": {"uv": [0, 0, 0.00781, 0.01563], "texture": "#2"},
				"west": {"uv": [0, 0, 0.00781, 0.01563], "texture": "#missing"},
				"up": {"uv": [0, 0, 0.00781, 0.00781], "rotation": 270, "texture": "#3"},
				"down": {"uv": [0, 0, 0.00781, 0.00781], "rotation": 90, "texture": "#3"}
			}
		},
		{
			"from": [0.4, 3.1, 11.95],
			"to": [0.5, 16, 12.05],
			"rotation": {"angle": 0, "axis": "y", "origin": [8, 11, 15]},
			"faces": {
				"north": {"uv": [0, 0, 0.00781, 0.01563], "texture": "#2"},
				"east": {"uv": [0, 0, 0.00781, 0.01563], "texture": "#missing"},
				"west": {"uv": [0, 0, 0.00781, 0.01563], "texture": "#missing"},
				"up": {"uv": [0, 0, 0.00781, 0.00781], "rotation": 270, "texture": "#3"},
				"down": {"uv": [0, 0, 0.00781, 0.00781], "rotation": 90, "texture": "#3"}
			}
		},
		{
			"from": [0.4, 3, 4.05],
			"to": [0.5, 3.1, 12.05],
			"rotation": {"angle": 0, "axis": "y", "origin": [8, 12, 8]},
			"faces": {
				"north": {"uv": [0, 0, 0.00781, 0.01563], "texture": "#3"},
				"east": {"uv": [0, 0, 0.00781, 0.01563], "texture": "#missing"},
				"south": {"uv": [0, 0, 0.00781, 0.01563], "texture": "#3"},
				"west": {"uv": [0, 0, 0.00781, 0.01563], "texture": "#missing"},
				"up": {"uv": [0, 0, 0.00781, 0.00781], "rotation": 270, "texture": "#2"},
				"down": {"uv": [0, 0, 0.00781, 0.00781], "rotation": 90, "texture": "#3"}
			}
		},
		{
			"from": [0.4, 9.7, 4.05],
			"to": [0.5, 9.8, 12.05],
			"rotation": {"angle": 0, "axis": "y", "origin": [8, 18.7, 8]},
			"faces": {
				"north": {"uv": [0, 0, 0.00781, 0.01563], "texture": "#3"},
				"east": {"uv": [0, 0, 0.00781, 0.01563], "texture": "#missing"},
				"south": {"uv": [0, 0, 0.00781, 0.01563], "texture": "#3"},
				"west": {"uv": [0, 0, 0.00781, 0.01563], "texture": "#missing"},
				"up": {"uv": [0, 0, 0.00781, 0.00781], "rotation": 270, "texture": "#2"},
				"down": {"uv": [0, 0, 0.00781, 0.00781], "rotation": 90, "texture": "#3"}
			}
		},
		{
			"from": [0.4, 9.1, 4.05],
			"to": [0.5, 9.2, 12.05],
			"rotation": {"angle": 0, "axis": "y", "origin": [8, 18.1, 8]},
			"faces": {
				"north": {"uv": [0, 0, 0.00781, 0.01563], "texture": "#3"},
				"east": {"uv": [0, 0, 0.00781, 0.01563], "texture": "#missing"},
				"south": {"uv": [0, 0, 0.00781, 0.01563], "texture": "#3"},
				"west": {"uv": [0, 0, 0.00781, 0.01563], "texture": "#missing"},
				"up": {"uv": [0, 0, 0.00781, 0.00781], "rotation": 270, "texture": "#2"},
				"down": {"uv": [0, 0, 0.00781, 0.00781], "rotation": 90, "texture": "#2"}
			}
		},
		{
			"from": [0.4, 15.9, 4.05],
			"to": [0.5, 16, 12.05],
			"rotation": {"angle": 0, "axis": "y", "origin": [8, 24.9, 8]},
			"faces": {
				"north": {"uv": [0, 0, 0.00781, 0.01563], "texture": "#3"},
				"east": {"uv": [0, 0, 0.00781, 0.01563], "texture": "#missing"},
				"south": {"uv": [0, 0, 0.00781, 0.01563], "texture": "#3"},
				"west": {"uv": [0, 0, 0.00781, 0.01563], "texture": "#missing"},
				"up": {"uv": [0, 0, 0.00781, 0.00781], "rotation": 270, "texture": "#2"},
				"down": {"uv": [0, 0, 0.00781, 0.00781], "rotation": 90, "texture": "#2"}
			}
		},
		{
			"from": [0.5, 3.1, 11.95],
			"to": [0.9, 16, 12.05],
			"rotation": {"angle": 0, "axis": "y", "origin": [8, 11, 17.9]},
			"faces": {
				"north": {"uv": [0, 0, 0.00781, 0.01563], "texture": "#3"},
				"east": {"uv": [0, 0, 0.00781, 0.01563], "texture": "#3"},
				"south": {"uv": [0, 0, 0.00781, 0.01563], "texture": "#3"},
				"west": {"uv": [0, 0, 0.00781, 0.01563], "texture": "#3"},
				"up": {"uv": [0, 0, 0.00781, 0.01563], "texture": "#3"},
				"down": {"uv": [0, 0, 0.00781, 0.01563], "texture": "#3"}
			}
		},
		{
			"from": [0.5, 3, 4.15],
			"to": [0.9, 3.1, 12.05],
			"rotation": {"angle": 0, "axis": "y", "origin": [8, 12, 8]},
			"faces": {
				"north": {"uv": [0, 0, 0.00781, 0.00781], "rotation": 270, "texture": "#3"},
				"east": {"uv": [0, 0, 0.00781, 0.00781], "rotation": 270, "texture": "#3"},
				"south": {"uv": [0, 0, 0.00781, 0.00781], "rotation": 270, "texture": "#3"},
				"west": {"uv": [0, 0, 0.00781, 0.00781], "rotation": 270, "texture": "#3"},
				"up": {"uv": [0, 0, 0.00781, 0.00781], "rotation": 270, "texture": "#3"},
				"down": {"uv": [0, 0, 0.00781, 0.00781], "rotation": 270, "texture": "#3"}
			}
		},
		{
			"from": [0.5, 9.7, 4.15],
			"to": [0.9, 9.8, 12.05],
			"rotation": {"angle": 0, "axis": "y", "origin": [8, 18.7, 8]},
			"faces": {
				"north": {"uv": [0, 0, 0.00781, 0.00781], "rotation": 270, "texture": "#3"},
				"east": {"uv": [0, 0, 0.00781, 0.00781], "rotation": 270, "texture": "#3"},
				"south": {"uv": [0, 0, 0.00781, 0.00781], "rotation": 270, "texture": "#3"},
				"west": {"uv": [0, 0, 0.00781, 0.00781], "rotation": 270, "texture": "#3"},
				"up": {"uv": [0, 0, 0.00781, 0.00781], "rotation": 270, "texture": "#3"},
				"down": {"uv": [0, 0, 0.00781, 0.00781], "rotation": 270, "texture": "#3"}
			}
		},
		{
			"from": [0.5, 9.1, 4.05],
			"to": [0.9, 9.2, 12.05],
			"rotation": {"angle": 0, "axis": "y", "origin": [8, 18.1, 8]},
			"faces": {
				"north": {"uv": [0, 0, 0.00781, 0.00781], "rotation": 270, "texture": "#3"},
				"east": {"uv": [0, 0, 0.00781, 0.00781], "rotation": 270, "texture": "#3"},
				"south": {"uv": [0, 0, 0.00781, 0.00781], "rotation": 270, "texture": "#3"},
				"west": {"uv": [0, 0, 0.00781, 0.00781], "rotation": 270, "texture": "#3"},
				"up": {"uv": [0, 0, 0.00781, 0.00781], "rotation": 270, "texture": "#3"},
				"down": {"uv": [0, 0, 0.00781, 0.00781], "rotation": 270, "texture": "#3"}
			}
		},
		{
			"from": [0.5, 15.9, 4.05],
			"to": [0.9, 16, 12.05],
			"rotation": {"angle": 0, "axis": "y", "origin": [8, 24.9, 8]},
			"faces": {
				"north": {"uv": [0, 0, 0.00781, 0.00781], "rotation": 270, "texture": "#3"},
				"east": {"uv": [0, 0, 0.00781, 0.00781], "rotation": 270, "texture": "#3"},
				"south": {"uv": [0, 0, 0.00781, 0.00781], "rotation": 270, "texture": "#3"},
				"west": {"uv": [0, 0, 0.00781, 0.00781], "rotation": 270, "texture": "#3"},
				"up": {"uv": [0, 0, 0.00781, 0.00781], "rotation": 270, "texture": "#3"},
				"down": {"uv": [0, 0, 0.00781, 0.00781], "rotation": 270, "texture": "#3"}
			}
		},
		{
			"from": [1.2, 14.8, 14.3],
			"to": [1.4, 15.4, 15],
			"rotation": {"angle": 0, "axis": "y", "origin": [8, 15, 8]},
			"faces": {
				"north": {"uv": [8.14, 0, 9.193, 15.999], "texture": "#3"},
				"east": {"uv": [0, 0, 1.953, 15.999], "texture": "#3"},
				"south": {"uv": [3.625, 0.063, 4.789, 16], "texture": "#3"},
				"west": {"uv": [1.375, 0, 3.124, 15.998], "texture": "#3"},
				"up": {"uv": [0, 0, 0.01563, 0.00781], "rotation": 270, "texture": "#3"},
				"down": {"uv": [10.891, 3.672, 12.891, 4.633], "rotation": 90, "texture": "#3"}
			}
		},
		{
			"from": [-0.4, 14.8, 14.3],
			"to": [-0.2, 15.4, 15],
			"rotation": {"angle": 0, "axis": "y", "origin": [-7, 15, 21.3]},
			"faces": {
				"north": {"uv": [3.625, 0.063, 4.789, 16], "texture": "#3"},
				"east": {"uv": [1.375, 0, 3.124, 15.998], "texture": "#3"},
				"south": {"uv": [8.14, 0, 9.193, 15.999], "texture": "#3"},
				"west": {"uv": [0, 0, 1.953, 15.999], "texture": "#3"},
				"up": {"uv": [0, 0, 0.01563, 0.00781], "rotation": 90, "texture": "#3"},
				"down": {"uv": [10.891, 3.672, 12.891, 4.633], "rotation": 270, "texture": "#3"}
			}
		},
		{
			"from": [1.2, 15.4, 12.6],
			"to": [1.4, 15.6, 15],
			"rotation": {"angle": 0, "axis": "y", "origin": [8, 15, 8]},
			"faces": {
				"north": {"uv": [8.14, 0, 9.193, 15.999], "texture": "#3"},
				"east": {"uv": [0, 0, 1.953, 15.999], "texture": "#3"},
				"south": {"uv": [3.625, 0.063, 4.789, 16], "texture": "#3"},
				"west": {"uv": [1.375, 0, 3.124, 15.998], "texture": "#3"},
				"up": {"uv": [0, 0, 0.01563, 0.00781], "rotation": 270, "texture": "#3"},
				"down": {"uv": [10.891, 3.672, 12.891, 4.633], "rotation": 90, "texture": "#3"}
			}
		},
		{
			"from": [-0.4, 15.4, 12.6],
			"to": [-0.2, 15.6, 15],
			"rotation": {"angle": 0, "axis": "y", "origin": [-7, 15, 21.3]},
			"faces": {
				"north": {"uv": [3.625, 0.063, 4.789, 16], "texture": "#3"},
				"east": {"uv": [1.375, 0, 3.124, 15.998], "texture": "#3"},
				"south": {"uv": [8.14, 0, 9.193, 15.999], "texture": "#3"},
				"west": {"uv": [0, 0, 1.953, 15.999], "texture": "#3"},
				"up": {"uv": [0, 0, 0.01563, 0.00781], "rotation": 90, "texture": "#3"},
				"down": {"uv": [10.891, 3.672, 12.891, 4.633], "rotation": 270, "texture": "#3"}
			}
		},
		{
			"from": [0, 9.2, 4.1],
			"to": [1, 9.7, 12],
			"faces": {
				"north": {"uv": [0, 0, 13.353, 3.094], "rotation": 90, "texture": "#4"},
				"east": {"uv": [0, 0, 13.353, 3.094], "rotation": 90, "texture": "#4"},
				"south": {"uv": [0, 0, 13.353, 3.094], "rotation": 90, "texture": "#4"},
				"west": {"uv": [0, 0, 13.353, 3.094], "rotation": 90, "texture": "#4"},
				"up": {"uv": [0, 0, 13.353, 3.094], "rotation": 90, "texture": "#4"},
				"down": {"uv": [0, 0, 13.353, 3.094], "rotation": 90, "texture": "#4"}
			}
		},
		{
			"from": [0.1, 3, -0.1],
			"to": [0.9, 6, 0],
			"faces": {
				"north": {"uv": [0, 0, 2.394, 5.5], "texture": "#3"},
				"east": {"uv": [0, 0, 2.394, 5.5], "texture": "#3"},
				"south": {"uv": [0, 0, 2.394, 5.5], "texture": "#3"},
				"west": {"uv": [0, 0, 2.394, 5.5], "texture": "#3"},
				"up": {"uv": [0, 0, 2.394, 5.5], "texture": "#3"},
				"down": {"uv": [0, 0, 2.394, 5.5], "texture": "#3"}
			}
		}
	],
	"groups": [
		{
			"name": "group",
			"origin": [8, 8, 8],
			"children": [0, 1, 2, 3, 4, 5, 6, 7, 8, 9, 10, 11, 12, 13, 14, 15, 16, 17, 18, 19, 20, 21, 22, 23, 24, 25, 26, 27, 28, 29, 30]
		}
	]
}