{
	"credit": "Made with Blockbench",
	"ambientocclusion": false,
	"textures": {
		"2": "block/cmodels/black_door",
		"3": "block/cmodels/metal1",
	    "4": "block/cmodels/dark_oak_door",
		"particle": "block/cmodels/dark_oak_door"
	},
	"elements": [
		{
			"from": [0, 0, 12],
			"to": [1, 16, 16],
			"rotation": {"angle": 0, "axis": "y", "origin": [8, -8, 8]},
			"faces": {
				"north": {"uv": [0, 0, 15.998, 5.765], "rotation": 90, "texture": "#4"},
				"east": {"uv": [0, 0, 15.998, 5.765], "rotation": 90, "texture": "#4"},
				"south": {"uv": [0, 0, 15.998, 5.765], "rotation": 90, "texture": "#4"},
				"west": {"uv": [0, 0, 15.998, 5.765], "rotation": 90, "texture": "#4"},
				"up": {"uv": [0, 0, 15.998, 5.765], "rotation": 90, "texture": "#4"},
				"down": {"uv": [0, 0, 15.998, 5.765], "rotation": 90, "texture": "#4"}
			}
		},
		{
			"from": [0, 0, 0],
			"to": [1, 16, 4.1],
			"rotation": {"angle": 0, "axis": "y", "origin": [8, -8, 8]},
			"faces": {
				"north": {"uv": [0, 0, 16, 5.513], "rotation": 90, "texture": "#4"},
				"east": {"uv": [0, 0, 16, 5.513], "rotation": 90, "texture": "#4"},
				"south": {"uv": [0, 0, 16, 5.513], "rotation": 90, "texture": "#4"},
				"west": {"uv": [0, 0, 16, 5.513], "rotation": 90, "texture": "#4"},
				"up": {"uv": [0, 0, 16, 5.513], "rotation": 90, "texture": "#4"},
				"down": {"uv": [0, 0, 16, 5.513], "rotation": 90, "texture": "#4"}
			}
		},
		{
			"from": [0, 12.8, 4.1],
			"to": [1, 16, 12],
			"rotation": {"angle": 0, "axis": "y", "origin": [8, 20.8, 8]},
			"faces": {
				"north": {"uv": [4.359, 0, 14.187, 5.234], "rotation": 180, "texture": "#4"},
				"east": {"uv": [4.359, 0, 14.187, 5.234], "rotation": 180, "texture": "#4"},
				"south": {"uv": [4.359, 0, 14.187, 5.234], "rotation": 180, "texture": "#4"},
				"west": {"uv": [4.359, 0, 14.187, 5.234], "rotation": 180, "texture": "#4"},
				"up": {"uv": [4.359, 0, 14.187, 5.234], "rotation": 180, "texture": "#4"},
				"down": {"uv": [4.359, 0, 14.187, 5.234], "rotation": 180, "texture": "#4"}
			}
		},
		{
			"from": [0.1, 0, 15.95],
			"to": [0.9, 1.3, 16.05],
			"rotation": {"angle": 0, "axis": "y", "origin": [8, -5, 8]},
			"faces": {
				"north": {"uv": [0, 0, 0.00781, 0.01563], "texture": "#3"},
				"east": {"uv": [0, 0, 0.00781, 0.01563], "texture": "#3"},
				"south": {"uv": [0, 0, 0.00781, 0.01563], "texture": "#3"},
				"west": {"uv": [0, 0, 0.00781, 0.01563], "texture": "#3"},
				"up": {"uv": [0, 0, 0.00781, 0.01563], "texture": "#3"},
				"down": {"uv": [0, 0, 0.00781, 0.01563], "texture": "#3"}
			}
		},
		{
			"from": [0.4, 0, 16.05],
			"to": [0.55, 0.5, 16.25],
			"rotation": {"angle": 0, "axis": "y", "origin": [8, -5, 8]},
			"faces": {
				"north": {"uv": [0, 0, 0.00781, 0.01563], "texture": "#3"},
				"east": {"uv": [0, 0, 0.00781, 0.01563], "texture": "#3"},
				"south": {"uv": [0, 0, 0.00781, 0.01563], "texture": "#3"},
				"west": {"uv": [0, 0, 0.00781, 0.01563], "texture": "#3"},
				"up": {"uv": [0, 0, 0.00781, 0.01563], "texture": "#3"},
				"down": {"uv": [0, 0, 0.00781, 0.01563], "texture": "#3"}
			}
		},
		{
			"from": [0.1, 0.5, 4.05],
			"to": [0.4, 12.7, 4.15],
			"rotation": {"angle": 0, "axis": "y", "origin": [8, 7.7, 10]},
			"faces": {
				"north": {"uv": [0, 0, 0.00781, 0.01563], "texture": "#3"},
				"east": {"uv": [0, 0, 0.00781, 0.01563], "texture": "#3"},
				"south": {"uv": [0, 0, 0.00781, 0.01563], "texture": "#3"},
				"west": {"uv": [0, 0, 0.00781, 0.01563], "texture": "#3"},
				"up": {"uv": [0, 0, 0.00781, 0.01563], "texture": "#3"},
				"down": {"uv": [0, 0, 0.00781, 0.01563], "texture": "#3"}
			}
		},
		{
			"from": [0.1, 0.5, 11.95],
			"to": [0.4, 12.7, 12.05],
			"rotation": {"angle": 0, "axis": "y", "origin": [8, 7.7, 17.9]},
			"faces": {
				"north": {"uv": [0, 0, 0.00781, 0.01563], "texture": "#3"},
				"east": {"uv": [0, 0, 0.00781, 0.01563], "texture": "#3"},
				"south": {"uv": [0, 0, 0.00781, 0.01563], "texture": "#3"},
				"west": {"uv": [0, 0, 0.00781, 0.01563], "texture": "#3"},
				"up": {"uv": [0, 0, 0.00781, 0.01563], "texture": "#3"},
				"down": {"uv": [0, 0, 0.00781, 0.01563], "texture": "#3"}
			}
		},
		{
			"from": [0.1, 0.5, 4.05],
			"to": [0.4, 0.6, 12.05],
			"rotation": {"angle": 0, "axis": "y", "origin": [8, 9.5, 8]},
			"faces": {
				"north": {"uv": [0, 0, 0.00781, 0.00781], "rotation": 270, "texture": "#3"},
				"east": {"uv": [0, 0, 0.00781, 0.00781], "rotation": 270, "texture": "#3"},
				"south": {"uv": [0, 0, 0.00781, 0.00781], "rotation": 270, "texture": "#3"},
				"west": {"uv": [0, 0, 0.00781, 0.00781], "rotation": 270, "texture": "#3"},
				"up": {"uv": [0, 0, 0.00781, 0.00781], "rotation": 270, "texture": "#3"},
				"down": {"uv": [0, 0, 0.00781, 0.00781], "rotation": 270, "texture": "#3"}
			}
		},
		{
			"from": [0.1, 7, 4.05],
			"to": [0.4, 7.1, 12.05],
			"rotation": {"angle": 0, "axis": "y", "origin": [8, 16, 8]},
			"faces": {
				"north": {"uv": [0, 0, 0.00781, 0.00781], "rotation": 270, "texture": "#3"},
				"east": {"uv": [0, 0, 0.00781, 0.00781], "rotation": 270, "texture": "#3"},
				"south": {"uv": [0, 0, 0.00781, 0.00781], "rotation": 270, "texture": "#3"},
				"west": {"uv": [0, 0, 0.00781, 0.00781], "rotation": 270, "texture": "#3"},
				"up": {"uv": [0, 0, 0.00781, 0.00781], "rotation": 270, "texture": "#3"},
				"down": {"uv": [0, 0, 0.00781, 0.00781], "rotation": 270, "texture": "#3"}
			}
		},
		{
			"from": [0.1, 12.7, 4.05],
			"to": [0.4, 12.8, 12.05],
			"rotation": {"angle": 0, "axis": "y", "origin": [8, 21.7, 8]},
			"faces": {
				"north": {"uv": [0, 0, 0.00781, 0.00781], "rotation": 270, "texture": "#3"},
				"east": {"uv": [0, 0, 0.00781, 0.00781], "rotation": 270, "texture": "#3"},
				"south": {"uv": [0, 0, 0.00781, 0.00781], "rotation": 270, "texture": "#3"},
				"west": {"uv": [0, 0, 0.00781, 0.00781], "rotation": 270, "texture": "#3"},
				"up": {"uv": [0, 0, 0.00781, 0.00781], "rotation": 270, "texture": "#3"},
				"down": {"uv": [0, 0, 0.00781, 0.00781], "rotation": 270, "texture": "#3"}
			}
		},
		{
			"from": [0.1, 6.4, 4.05],
			"to": [0.4, 6.5, 12.05],
			"rotation": {"angle": 0, "axis": "y", "origin": [8, 15.4, 8]},
			"faces": {
				"north": {"uv": [0, 0, 0.00781, 0.00781], "rotation": 270, "texture": "#3"},
				"east": {"uv": [0, 0, 0.00781, 0.00781], "rotation": 270, "texture": "#3"},
				"south": {"uv": [0, 0, 0.00781, 0.00781], "rotation": 270, "texture": "#3"},
				"west": {"uv": [0, 0, 0.00781, 0.00781], "rotation": 270, "texture": "#3"},
				"up": {"uv": [0, 0, 0.00781, 0.00781], "rotation": 270, "texture": "#3"},
				"down": {"uv": [0, 0, 0.00781, 0.00781], "rotation": 270, "texture": "#3"}
			}
		},
		{
			"from": [0.5, 0.5, 4.05],
			"to": [0.9, 12.7, 4.15],
			"rotation": {"angle": 0, "axis": "y", "origin": [8, 7.7, 8]},
			"faces": {
				"north": {"uv": [0, 0, 0.00781, 0.01563], "texture": "#3"},
				"east": {"uv": [0, 0, 0.00781, 0.01563], "texture": "#3"},
				"south": {"uv": [0, 0, 0.00781, 0.01563], "texture": "#3"},
				"west": {"uv": [0, 0, 0.00781, 0.01563], "texture": "#3"},
				"up": {"uv": [0, 0, 0.00781, 0.01563], "texture": "#3"},
				"down": {"uv": [0, 0, 0.00781, 0.01563], "texture": "#3"}
			}
		},
		{
			"from": [0.4, 0.5, 4.05],
			"to": [0.5, 12.7, 4.15],
			"rotation": {"angle": 0, "axis": "y", "origin": [8, 7.7, 10]},
			"faces": {
				"north": {"uv": [0, 0, 0.00781, 0.01563], "texture": "#3"},
				"east": {"uv": [0, 0, 0.00781, 0.01563], "texture": "#missing"},
				"south": {"uv": [0, 0, 0.00781, 0.01563], "texture": "#2"},
				"west": {"uv": [0, 0, 0.00781, 0.01563], "texture": "#missing"},
				"up": {"uv": [0, 0, 0.00781, 0.00781], "rotation": 270, "texture": "#3"},
				"down": {"uv": [0, 0, 0.00781, 0.00781], "rotation": 90, "texture": "#3"}
			}
		},
		{
			"from": [0.4, 0.5, 11.95],
			"to": [0.5, 12.7, 12.05],
			"rotation": {"angle": 0, "axis": "y", "origin": [8, 7.7, 15]},
			"faces": {
				"north": {"uv": [0, 0, 0.00781, 0.01563], "texture": "#2"},
				"east": {"uv": [0, 0, 0.00781, 0.01563], "texture": "#missing"},
				"west": {"uv": [0, 0, 0.00781, 0.01563], "texture": "#missing"},
				"up": {"uv": [0, 0, 0.00781, 0.00781], "rotation": 270, "texture": "#3"},
				"down": {"uv": [0, 0, 0.00781, 0.00781], "rotation": 90, "texture": "#3"}
			}
		},
		{
			"from": [0.4, 0.5, 4.05],
			"to": [0.5, 0.6, 12.05],
			"rotation": {"angle": 0, "axis": "y", "origin": [8, 9.5, 8]},
			"faces": {
				"north": {"uv": [0, 0, 0.00781, 0.01563], "texture": "#3"},
				"east": {"uv": [0, 0, 0.00781, 0.01563], "texture": "#missing"},
				"south": {"uv": [0, 0, 0.00781, 0.01563], "texture": "#3"},
				"west": {"uv": [0, 0, 0.00781, 0.01563], "texture": "#missing"},
				"up": {"uv": [0, 0, 0.00781, 0.00781], "rotation": 270, "texture": "#2"},
				"down": {"uv": [0, 0, 0.00781, 0.00781], "rotation": 90, "texture": "#3"}
			}
		},
		{
			"from": [0.4, 7, 4.05],
			"to": [0.5, 7.1, 12.05],
			"rotation": {"angle": 0, "axis": "y", "origin": [8, 16, 8]},
			"faces": {
				"north": {"uv": [0, 0, 0.00781, 0.01563], "texture": "#3"},
				"east": {"uv": [0, 0, 0.00781, 0.01563], "texture": "#missing"},
				"south": {"uv": [0, 0, 0.00781, 0.01563], "texture": "#3"},
				"west": {"uv": [0, 0, 0.00781, 0.01563], "texture": "#missing"},
				"up": {"uv": [0, 0, 0.00781, 0.00781], "rotation": 270, "texture": "#2"},
				"down": {"uv": [0, 0, 0.00781, 0.00781], "rotation": 90, "texture": "#3"}
			}
		},
		{
			"from": [0.4, 12.7, 4.05],
			"to": [0.5, 12.8, 12.05],
			"rotation": {"angle": 0, "axis": "y", "origin": [8, 21.7, 8]},
			"faces": {
				"north": {"uv": [0, 0, 0.00781, 0.01563], "texture": "#3"},
				"east": {"uv": [0, 0, 0.00781, 0.01563], "texture": "#missing"},
				"south": {"uv": [0, 0, 0.00781, 0.01563], "texture": "#3"},
				"west": {"uv": [0, 0, 0.00781, 0.01563], "texture": "#missing"},
				"up": {"uv": [0, 0, 0.00781, 0.00781], "rotation": 270, "texture": "#2"},
				"down": {"uv": [0, 0, 0.00781, 0.00781], "rotation": 90, "texture": "#2"}
			}
		},
		{
			"from": [0.4, 6.4, 4.05],
			"to": [0.5, 6.5, 12.05],
			"rotation": {"angle": 0, "axis": "y", "origin": [8, 15.4, 8]},
			"faces": {
				"north": {"uv": [0, 0, 0.00781, 0.01563], "texture": "#3"},
				"east": {"uv": [0, 0, 0.00781, 0.01563], "texture": "#missing"},
				"south": {"uv": [0, 0, 0.00781, 0.01563], "texture": "#3"},
				"west": {"uv": [0, 0, 0.00781, 0.01563], "texture": "#missing"},
				"up": {"uv": [0, 0, 0.00781, 0.00781], "rotation": 270, "texture": "#2"},
				"down": {"uv": [0, 0, 0.00781, 0.00781], "rotation": 90, "texture": "#2"}
			}
		},
		{
			"from": [0.5, 0.5, 11.95],
			"to": [0.9, 12.7, 12.05],
			"rotation": {"angle": 0, "axis": "y", "origin": [8, 7.7, 17.9]},
			"faces": {
				"north": {"uv": [0, 0, 0.00781, 0.01563], "texture": "#3"},
				"east": {"uv": [0, 0, 0.00781, 0.01563], "texture": "#3"},
				"south": {"uv": [0, 0, 0.00781, 0.01563], "texture": "#3"},
				"west": {"uv": [0, 0, 0.00781, 0.01563], "texture": "#3"},
				"up": {"uv": [0, 0, 0.00781, 0.01563], "texture": "#3"},
				"down": {"uv": [0, 0, 0.00781, 0.01563], "texture": "#3"}
			}
		},
		{
			"from": [0.5, 0.5, 4.15],
			"to": [0.9, 0.6, 12.05],
			"rotation": {"angle": 0, "axis": "y", "origin": [8, 9.5, 8]},
			"faces": {
				"north": {"uv": [0, 0, 0.00781, 0.00781], "rotation": 270, "texture": "#3"},
				"east": {"uv": [0, 0, 0.00781, 0.00781], "rotation": 270, "texture": "#3"},
				"south": {"uv": [0, 0, 0.00781, 0.00781], "rotation": 270, "texture": "#3"},
				"west": {"uv": [0, 0, 0.00781, 0.00781], "rotation": 270, "texture": "#3"},
				"up": {"uv": [0, 0, 0.00781, 0.00781], "rotation": 270, "texture": "#3"},
				"down": {"uv": [0, 0, 0.00781, 0.00781], "rotation": 270, "texture": "#3"}
			}
		},
		{
			"from": [0.5, 7, 4.15],
			"to": [0.9, 7.1, 12.05],
			"rotation": {"angle": 0, "axis": "y", "origin": [8, 16, 8]},
			"faces": {
				"north": {"uv": [0, 0, 0.00781, 0.00781], "rotation": 270, "texture": "#3"},
				"east": {"uv": [0, 0, 0.00781, 0.00781], "rotation": 270, "texture": "#3"},
				"south": {"uv": [0, 0, 0.00781, 0.00781], "rotation": 270, "texture": "#3"},
				"west": {"uv": [0, 0, 0.00781, 0.00781], "rotation": 270, "texture": "#3"},
				"up": {"uv": [0, 0, 0.00781, 0.00781], "rotation": 270, "texture": "#3"},
				"down": {"uv": [0, 0, 0.00781, 0.00781], "rotation": 270, "texture": "#3"}
			}
		},
		{
			"from": [0.5, 12.7, 4.05],
			"to": [0.9, 12.8, 12.05],
			"rotation": {"angle": 0, "axis": "y", "origin": [8, 21.7, 8]},
			"faces": {
				"north": {"uv": [0, 0, 0.00781, 0.00781], "rotation": 270, "texture": "#3"},
				"east": {"uv": [0, 0, 0.00781, 0.00781], "rotation": 270, "texture": "#3"},
				"south": {"uv": [0, 0, 0.00781, 0.00781], "rotation": 270, "texture": "#3"},
				"west": {"uv": [0, 0, 0.00781, 0.00781], "rotation": 270, "texture": "#3"},
				"up": {"uv": [0, 0, 0.00781, 0.00781], "rotation": 270, "texture": "#3"},
				"down": {"uv": [0, 0, 0.00781, 0.00781], "rotation": 270, "texture": "#3"}
			}
		},
		{
			"from": [0.5, 6.4, 4.05],
			"to": [0.9, 6.5, 12.05],
			"rotation": {"angle": 0, "axis": "y", "origin": [8, 15.4, 8]},
			"faces": {
				"north": {"uv": [0, 0, 0.00781, 0.00781], "rotation": 270, "texture": "#3"},
				"east": {"uv": [0, 0, 0.00781, 0.00781], "rotation": 270, "texture": "#3"},
				"south": {"uv": [0, 0, 0.00781, 0.00781], "rotation": 270, "texture": "#3"},
				"west": {"uv": [0, 0, 0.00781, 0.00781], "rotation": 270, "texture": "#3"},
				"up": {"uv": [0, 0, 0.00781, 0.00781], "rotation": 270, "texture": "#3"},
				"down": {"uv": [0, 0, 0.00781, 0.00781], "rotation": 270, "texture": "#3"}
			}
		},
		{
			"from": [0, 0, 4.1],
			"to": [1, 0.5, 12],
			"rotation": {"angle": 0, "axis": "y", "origin": [8, -8, 8]},
			"faces": {
				"north": {"uv": [0, 0, 13.088, 2.641], "rotation": 90, "texture": "#4"},
				"east": {"uv": [0, 0, 13.088, 2.641], "rotation": 90, "texture": "#4"},
				"south": {"uv": [0, 0, 13.088, 2.641], "rotation": 90, "texture": "#4"},
				"west": {"uv": [0, 0, 13.088, 2.641], "rotation": 90, "texture": "#4"},
				"up": {"uv": [0, 0, 13.088, 2.641], "rotation": 90, "texture": "#4"},
				"down": {"uv": [0, 0, 13.088, 2.641], "rotation": 90, "texture": "#4"}
			}
		},
		{
			"from": [0.1, 11, -0.1],
			"to": [0.9, 14, 0],
			"rotation": {"angle": 0, "axis": "y", "origin": [8, -8, 8]},
			"faces": {
				"north": {"uv": [0, 0, 2.394, 5.5], "texture": "#3"},
				"east": {"uv": [0, 0, 2.394, 5.5], "texture": "#3"},
				"south": {"uv": [0, 0, 2.394, 5.5], "texture": "#3"},
				"west": {"uv": [0, 0, 2.394, 5.5], "texture": "#3"},
				"up": {"uv": [0, 0, 2.394, 5.5], "texture": "#3"},
				"down": {"uv": [0, 0, 2.394, 5.5], "texture": "#3"}
			}
		},
		{
			"from": [0, 6.5, 4.1],
			"to": [1, 7, 12],
			"rotation": {"angle": 0, "axis": "y", "origin": [8, -8, 8]},
			"faces": {
				"north": {"uv": [0, 0, 14.118, 2.5], "rotation": 90, "texture": "#4"},
				"east": {"uv": [0, 0, 14.118, 2.5], "rotation": 90, "texture": "#4"},
				"south": {"uv": [0, 0, 14.118, 2.5], "rotation": 90, "texture": "#4"},
				"west": {"uv": [0, 0, 14.118, 2.5], "rotation": 90, "texture": "#4"},
				"up": {"uv": [0, 0, 14.118, 2.5], "rotation": 90, "texture": "#4"},
				"down": {"uv": [0, 0, 14.118, 2.5], "rotation": 90, "texture": "#4"}
			}
		}
	],
	"groups": [
		{
			"name": "group",
			"origin": [8, 8, 8],
			"children": [0, 1, 2, 3, 4, 5, 6, 7, 8, 9, 10, 11, 12, 13, 14, 15, 16, 17, 18, 19, 20, 21, 22, 23, 24, 25]
		}
	]
}