{
	"credit": "Made with Blockbench",
	"ambientocclusion": false,
	"textures": {
		"1": "block/cmodels/oak_tables",
		"2": "block/cmodels/black_door",
		"3": "block/cmodels/metal1",
		"particle": "block/cmodels/oak_tables"
	},
	"elements": [
		{
			"from": [0, 0, 5],
			"to": [1, 16, 16],
			"faces": {
				"north": {"uv": [2.266, 0, 13.811, 14.765], "texture": "#1"},
				"east": {"uv": [2.266, 0, 13.811, 14.765], "texture": "#1"},
				"south": {"uv": [2.266, 0, 13.811, 14.765], "texture": "#1"},
				"west": {"uv": [2.266, 0, 13.811, 14.765], "texture": "#1"},
				"up": {"uv": [2.266, 0, 13.811, 14.765], "texture": "#1"},
				"down": {"uv": [2.266, 0, 13.811, 14.765], "texture": "#1"}
			}
		},
		{
			"from": [0, 0, 0],
			"to": [1, 16, 2.1],
			"faces": {
				"north": {"uv": [2.125, 0, 4, 14.701], "texture": "#1"},
				"east": {"uv": [2.125, 0, 4, 14.701], "texture": "#1"},
				"south": {"uv": [2.125, 0, 4, 14.701], "texture": "#1"},
				"west": {"uv": [2.125, 0, 4, 14.701], "texture": "#1"},
				"up": {"uv": [2.125, 0, 4, 14.701], "texture": "#1"},
				"down": {"uv": [2.125, 0, 4, 14.701], "texture": "#1"}
			}
		},
		{
			"from": [0, 0, 2.1],
			"to": [1, 2, 5],
			"faces": {
				"north": {"uv": [4.359, 0, 9.547, 1.64], "rotation": 270, "texture": "#1"},
				"east": {"uv": [4.359, 0, 9.547, 1.64], "rotation": 270, "texture": "#1"},
				"south": {"uv": [4.359, 0, 9.547, 1.64], "rotation": 270, "texture": "#1"},
				"west": {"uv": [4.359, 0, 9.547, 1.64], "rotation": 270, "texture": "#1"},
				"up": {"uv": [4.359, 0, 9.547, 1.64], "rotation": 270, "texture": "#1"},
				"down": {"uv": [4.359, 0, 9.547, 1.64], "rotation": 270, "texture": "#1"}
			}
		},
		{
			"from": [1, 9.1, 14.45],
			"to": [1.5, 9.7, 14.65],
			"rotation": {"angle": 0, "axis": "y", "origin": [8, 11, 8]},
			"faces": {
				"north": {"uv": [0, 0, 0.00781, 0.01563], "texture": "#3"},
				"east": {"uv": [0, 0, 0.00781, 0.01563], "texture": "#missing"},
				"south": {"uv": [0, 0, 0.00781, 0.01563], "texture": "#3"},
				"west": {"uv": [0, 0, 0.00781, 0.01563], "texture": "#missing"},
				"up": {"uv": [0, 0, 0.00781, 0.00781], "rotation": 270, "texture": "#3"},
				"down": {"uv": [0, 0, 0.00781, 0.00781], "rotation": 90, "texture": "#3"}
			}
		},
		{
			"from": [-0.5, 9.1, 14.45],
			"to": [0, 9.7, 14.65],
			"rotation": {"angle": 0, "axis": "y", "origin": [6, 11, 8]},
			"faces": {
				"north": {"uv": [0, 0, 0.00781, 0.01563], "texture": "#3"},
				"east": {"uv": [0, 0, 0.00781, 0.01563], "texture": "#missing"},
				"south": {"uv": [0, 0, 0.00781, 0.01563], "texture": "#3"},
				"west": {"uv": [0, 0, 0.00781, 0.01563], "texture": "#missing"},
				"up": {"uv": [0, 0, 0.00781, 0.00781], "rotation": 270, "texture": "#3"},
				"down": {"uv": [0, 0, 0.00781, 0.00781], "rotation": 90, "texture": "#3"}
			}
		},
		{
			"from": [1.1, 14.6, 13.25],
			"to": [1.2, 15.2, 13.85],
			"rotation": {"angle": 0, "axis": "y", "origin": [8, 11.5, 8]},
			"faces": {
				"north": {"uv": [0, 0, 0.00781, 0.01563], "texture": "#3"},
				"east": {"uv": [0, 0, 0.00781, 0.01563], "texture": "#3"},
				"south": {"uv": [0, 0, 0.00781, 0.01563], "texture": "#3"},
				"west": {"uv": [0, 0, 0.00781, 0.01563], "texture": "#3"},
				"up": {"uv": [0, 0, 0.00781, 0.01563], "texture": "#3"},
				"down": {"uv": [0, 0, 0.00781, 0.01563], "texture": "#3"}
			}
		},
		{
			"from": [-0.2, 14.6, 13.25],
			"to": [-0.1, 15.2, 13.85],
			"rotation": {"angle": 0, "axis": "y", "origin": [6, 11.5, 8]},
			"faces": {
				"north": {"uv": [0, 0, 0.00781, 0.01563], "texture": "#3"},
				"east": {"uv": [0, 0, 0.00781, 0.01563], "texture": "#3"},
				"south": {"uv": [0, 0, 0.00781, 0.01563], "texture": "#3"},
				"west": {"uv": [0, 0, 0.00781, 0.01563], "texture": "#3"},
				"up": {"uv": [0, 0, 0.00781, 0.01563], "texture": "#3"},
				"down": {"uv": [0, 0, 0.00781, 0.01563], "texture": "#3"}
			}
		},
		{
			"from": [0.1, 14.1, 15.95],
			"to": [0.9, 16, 16.05],
			"rotation": {"angle": 0, "axis": "y", "origin": [8, 11, 8]},
			"faces": {
				"north": {"uv": [0, 0, 0.00781, 0.01563], "texture": "#3"},
				"east": {"uv": [0, 0, 0.00781, 0.01563], "texture": "#3"},
				"south": {"uv": [0, 0, 0.00781, 0.01563], "texture": "#3"},
				"west": {"uv": [0, 0, 0.00781, 0.01563], "texture": "#3"},
				"up": {"uv": [0, 0, 0.00781, 0.01563], "texture": "#3"},
				"down": {"uv": [0, 0, 0.00781, 0.01563], "texture": "#3"}
			}
		},
		{
			"from": [0.4, 15.4, 16.05],
			"to": [0.55, 16, 16.25],
			"rotation": {"angle": 0, "axis": "y", "origin": [8, 11, 8]},
			"faces": {
				"north": {"uv": [0, 0, 0.00781, 0.01563], "texture": "#3"},
				"east": {"uv": [0, 0, 0.00781, 0.01563], "texture": "#3"},
				"south": {"uv": [0, 0, 0.00781, 0.01563], "texture": "#3"},
				"west": {"uv": [0, 0, 0.00781, 0.01563], "texture": "#3"},
				"up": {"uv": [0, 0, 0.00781, 0.01563], "texture": "#3"},
				"down": {"uv": [0, 0, 0.00781, 0.01563], "texture": "#3"}
			}
		},
		{
			"from": [0.1, 2, 1.95],
			"to": [0.4, 16, 2.15],
			"rotation": {"angle": 0, "axis": "y", "origin": [8, 11, 8]},
			"faces": {
				"north": {"uv": [0, 0, 0.00781, 0.01563], "texture": "#3"},
				"east": {"uv": [0, 0, 0.00781, 0.01563], "texture": "#3"},
				"south": {"uv": [0, 0, 0.00781, 0.01563], "texture": "#3"},
				"west": {"uv": [0, 0, 0.00781, 0.01563], "texture": "#3"},
				"up": {"uv": [0, 0, 0.00781, 0.01563], "texture": "#3"},
				"down": {"uv": [0, 0, 0.00781, 0.01563], "texture": "#3"}
			}
		},
		{
			"from": [0.1, 2, 4.95],
			"to": [0.4, 16, 5.05],
			"rotation": {"angle": 0, "axis": "y", "origin": [8, 11, 10.9]},
			"faces": {
				"north": {"uv": [0, 0, 0.00781, 0.01563], "texture": "#3"},
				"east": {"uv": [0, 0, 0.00781, 0.01563], "texture": "#3"},
				"south": {"uv": [0, 0, 0.00781, 0.01563], "texture": "#3"},
				"west": {"uv": [0, 0, 0.00781, 0.01563], "texture": "#3"},
				"up": {"uv": [0, 0, 0.00781, 0.01563], "texture": "#3"},
				"down": {"uv": [0, 0, 0.00781, 0.01563], "texture": "#3"}
			}
		},
		{
			"from": [0.1, 2, 2.05],
			"to": [0.4, 2.1, 5.05],
			"rotation": {"angle": 0, "axis": "y", "origin": [8, 11, 8]},
			"faces": {
				"north": {"uv": [0, 0, 0.00781, 0.00781], "rotation": 270, "texture": "#3"},
				"east": {"uv": [0, 0, 0.00781, 0.00781], "rotation": 270, "texture": "#3"},
				"south": {"uv": [0, 0, 0.00781, 0.00781], "rotation": 270, "texture": "#3"},
				"west": {"uv": [0, 0, 0.00781, 0.00781], "rotation": 270, "texture": "#3"},
				"up": {"uv": [0, 0, 0.00781, 0.00781], "rotation": 270, "texture": "#3"},
				"down": {"uv": [0, 0, 0.00781, 0.00781], "rotation": 270, "texture": "#3"}
			}
		},
		{
			"from": [0.5, 2, 2.05],
			"to": [0.9, 16, 2.15],
			"rotation": {"angle": 0, "axis": "y", "origin": [8, 11, 8]},
			"faces": {
				"north": {"uv": [0, 0, 0.00781, 0.01563], "texture": "#3"},
				"east": {"uv": [0, 0, 0.00781, 0.01563], "texture": "#3"},
				"south": {"uv": [0, 0, 0.00781, 0.01563], "texture": "#3"},
				"west": {"uv": [0, 0, 0.00781, 0.01563], "texture": "#3"},
				"up": {"uv": [0, 0, 0.00781, 0.01563], "texture": "#3"},
				"down": {"uv": [0, 0, 0.00781, 0.01563], "texture": "#3"}
			}
		},
		{
			"from": [0.4, 2, 2.05],
			"to": [0.5, 16, 2.15],
			"rotation": {"angle": 0, "axis": "y", "origin": [8, 11, 8]},
			"faces": {
				"north": {"uv": [0, 0, 0.00781, 0.01563], "texture": "#3"},
				"east": {"uv": [0, 0, 0.00781, 0.01563], "texture": "#missing"},
				"south": {"uv": [0, 0, 0.00781, 0.01563], "texture": "#2"},
				"west": {"uv": [0, 0, 0.00781, 0.01563], "texture": "#missing"},
				"up": {"uv": [0, 0, 0.00781, 0.00781], "rotation": 270, "texture": "#3"},
				"down": {"uv": [0, 0, 0.00781, 0.00781], "rotation": 90, "texture": "#3"}
			}
		},
		{
			"from": [0.4, 2, 4.95],
			"to": [0.5, 16, 5.05],
			"rotation": {"angle": 0, "axis": "y", "origin": [8, 11, 8]},
			"faces": {
				"north": {"uv": [0, 0, 0.00781, 0.01563], "texture": "#2"},
				"east": {"uv": [0, 0, 0.00781, 0.01563], "texture": "#missing"},
				"west": {"uv": [0, 0, 0.00781, 0.01563], "texture": "#missing"},
				"up": {"uv": [0, 0, 0.00781, 0.00781], "rotation": 270, "texture": "#3"},
				"down": {"uv": [0, 0, 0.00781, 0.00781], "rotation": 90, "texture": "#3"}
			}
		},
		{
			"from": [0.4, 2, 2.05],
			"to": [0.5, 2.1, 4.95],
			"rotation": {"angle": 0, "axis": "y", "origin": [8, 11, 8]},
			"faces": {
				"north": {"uv": [0, 0, 0.00781, 0.01563], "texture": "#3"},
				"east": {"uv": [0, 0, 0.00781, 0.01563], "texture": "#missing"},
				"south": {"uv": [0, 0, 0.00781, 0.01563], "texture": "#3"},
				"west": {"uv": [0, 0, 0.00781, 0.01563], "texture": "#missing"},
				"up": {"uv": [0, 0, 0.00781, 0.00781], "rotation": 270, "texture": "#2"},
				"down": {"uv": [0, 0, 0.00781, 0.00781], "rotation": 90, "texture": "#3"}
			}
		},
		{
			"from": [0.5, 2, 4.95],
			"to": [0.9, 16, 5.05],
			"rotation": {"angle": 0, "axis": "y", "origin": [8, 11, 10.9]},
			"faces": {
				"north": {"uv": [0, 0, 0.00781, 0.01563], "texture": "#3"},
				"east": {"uv": [0, 0, 0.00781, 0.01563], "texture": "#3"},
				"south": {"uv": [0, 0, 0.00781, 0.01563], "texture": "#3"},
				"west": {"uv": [0, 0, 0.00781, 0.01563], "texture": "#3"},
				"up": {"uv": [0, 0, 0.00781, 0.01563], "texture": "#3"},
				"down": {"uv": [0, 0, 0.00781, 0.01563], "texture": "#3"}
			}
		},
		{
			"from": [0.5, 2, 2.15],
			"to": [0.9, 2.1, 5.05],
			"rotation": {"angle": 0, "axis": "y", "origin": [8, 11, 8]},
			"faces": {
				"north": {"uv": [0, 0, 0.00781, 0.00781], "rotation": 270, "texture": "#3"},
				"east": {"uv": [0, 0, 0.00781, 0.00781], "rotation": 270, "texture": "#3"},
				"south": {"uv": [0, 0, 0.00781, 0.00781], "rotation": 270, "texture": "#3"},
				"west": {"uv": [0, 0, 0.00781, 0.00781], "rotation": 270, "texture": "#3"},
				"up": {"uv": [0, 0, 0.00781, 0.00781], "rotation": 270, "texture": "#3"},
				"down": {"uv": [0, 0, 0.00781, 0.00781], "rotation": 270, "texture": "#3"}
			}
		},
		{
			"from": [1.5, 7.6, 14.2],
			"to": [1.7, 16, 14.9],
			"rotation": {"angle": 0, "axis": "y", "origin": [8, 15, 8]},
			"faces": {
				"north": {"uv": [8.14, 0, 9.193, 15.999], "texture": "#3"},
				"east": {"uv": [0, 0, 1.953, 15.999], "texture": "#3"},
				"south": {"uv": [3.625, 0.063, 4.789, 16], "texture": "#3"},
				"west": {"uv": [1.375, 0, 3.124, 15.998], "texture": "#3"},
				"up": {"uv": [0, 0, 0.01563, 0.00781], "rotation": 270, "texture": "#3"},
				"down": {"uv": [10.891, 3.672, 12.891, 4.633], "rotation": 90, "texture": "#3"}
			}
		},
		{
			"from": [-0.7, 7.6, 14.2],
			"to": [-0.5, 16, 14.9],
			"rotation": {"angle": 0, "axis": "y", "origin": [6, 15, 8]},
			"faces": {
				"north": {"uv": [8.14, 0, 9.193, 15.999], "texture": "#3"},
				"east": {"uv": [0, 0, 1.953, 15.999], "texture": "#3"},
				"south": {"uv": [3.625, 0.063, 4.789, 16], "texture": "#3"},
				"west": {"uv": [1.375, 0, 3.124, 15.998], "texture": "#3"},
				"up": {"uv": [0, 0, 0.01563, 0.00781], "rotation": 270, "texture": "#3"},
				"down": {"uv": [10.891, 3.672, 12.891, 4.633], "rotation": 90, "texture": "#3"}
			}
		},
		{
			"from": [1, 0.2, 0.1],
			"to": [1.1, 1.9, 15.9],
			"faces": {
				"north": {"uv": [1.859, 13.563, 14.253, 16], "texture": "#1"},
				"east": {"uv": [1.859, 13.563, 14.253, 16], "texture": "#1"},
				"south": {"uv": [1.859, 13.563, 14.253, 16], "texture": "#1"},
				"west": {"uv": [1.859, 13.563, 14.253, 16], "texture": "#1"},
				"up": {"uv": [1.859, 13.563, 14.253, 16], "texture": "#1"},
				"down": {"uv": [1.859, 13.563, 14.253, 16], "texture": "#1"}
			}
		},
		{
			"from": [-0.1, 0.2, 0.1],
			"to": [0, 1.9, 15.9],
			"rotation": {"angle": 0, "axis": "y", "origin": [6.9, 8, 8]},
			"faces": {
				"north": {"uv": [1.859, 13.563, 14.253, 16], "texture": "#1"},
				"east": {"uv": [1.859, 13.563, 14.253, 16], "texture": "#1"},
				"south": {"uv": [1.859, 13.563, 14.253, 16], "texture": "#1"},
				"west": {"uv": [1.859, 13.563, 14.253, 16], "texture": "#1"},
				"up": {"uv": [1.859, 13.563, 14.253, 16], "texture": "#1"},
				"down": {"uv": [1.859, 13.563, 14.253, 16], "texture": "#1"}
			}
		},
		{
			"from": [1, 2.1, 5.1],
			"to": [1.1, 3.8, 15.9],
			"faces": {
				"north": {"uv": [1.859, 13.563, 14.253, 16], "texture": "#1"},
				"east": {"uv": [1.953, 10.578, 14.347, 13.015], "texture": "#1"},
				"south": {"uv": [1.859, 13.563, 14.253, 16], "texture": "#1"},
				"west": {"uv": [1.859, 13.563, 14.253, 16], "texture": "#1"},
				"up": {"uv": [1.859, 13.563, 14.253, 16], "texture": "#1"},
				"down": {"uv": [1.859, 13.563, 14.253, 16], "texture": "#1"}
			}
		},
		{
			"from": [-0.1, 2.1, 5.1],
			"to": [0, 3.8, 15.9],
			"rotation": {"angle": 0, "axis": "y", "origin": [6.9, 8, 8]},
			"faces": {
				"north": {"uv": [1.859, 13.563, 14.253, 16], "texture": "#1"},
				"east": {"uv": [1.953, 10.578, 14.347, 13.015], "texture": "#1"},
				"south": {"uv": [1.859, 13.563, 14.253, 16], "texture": "#1"},
				"west": {"uv": [1.859, 13.563, 14.253, 16], "texture": "#1"},
				"up": {"uv": [1.859, 13.563, 14.253, 16], "texture": "#1"},
				"down": {"uv": [1.859, 13.563, 14.253, 16], "texture": "#1"}
			}
		},
		{
			"from": [1, 2.1, 0.1],
			"to": [1.1, 3.8, 1.9],
			"rotation": {"angle": 0, "axis": "y", "origin": [8, 8, -6]},
			"faces": {
				"north": {"uv": [1.859, 13.563, 14.253, 16], "texture": "#1"},
				"east": {"uv": [1.953, 10.578, 14.347, 13.015], "texture": "#1"},
				"south": {"uv": [1.859, 13.563, 14.253, 16], "texture": "#1"},
				"west": {"uv": [1.859, 13.563, 14.253, 16], "texture": "#1"},
				"up": {"uv": [1.859, 13.563, 14.253, 16], "texture": "#1"},
				"down": {"uv": [1.859, 13.563, 14.253, 16], "texture": "#1"}
			}
		},
		{
			"from": [-0.1, 2.1, 0.1],
			"to": [0, 3.8, 1.9],
			"rotation": {"angle": 0, "axis": "y", "origin": [6.9, 8, -6]},
			"faces": {
				"north": {"uv": [1.859, 13.563, 14.253, 16], "texture": "#1"},
				"east": {"uv": [1.953, 10.578, 14.347, 13.015], "texture": "#1"},
				"south": {"uv": [1.859, 13.563, 14.253, 16], "texture": "#1"},
				"west": {"uv": [1.859, 13.563, 14.253, 16], "texture": "#1"},
				"up": {"uv": [1.859, 13.563, 14.253, 16], "texture": "#1"},
				"down": {"uv": [1.859, 13.563, 14.253, 16], "texture": "#1"}
			}
		},
		{
			"from": [1, 4, 5.1],
			"to": [1.1, 5.7, 15.9],
			"faces": {
				"north": {"uv": [1.859, 8.032, 14.253, 10.468], "texture": "#1"},
				"east": {"uv": [1.859, 8.032, 14.253, 10.468], "texture": "#1"},
				"south": {"uv": [1.859, 8.032, 14.253, 10.468], "texture": "#1"},
				"west": {"uv": [1.859, 8.032, 14.253, 10.468], "texture": "#1"},
				"up": {"uv": [1.859, 8.032, 14.253, 10.468], "texture": "#1"},
				"down": {"uv": [1.859, 8.032, 14.253, 10.468], "texture": "#1"}
			}
		},
		{
			"from": [-0.1, 4, 5.1],
			"to": [0, 5.7, 15.9],
			"rotation": {"angle": 0, "axis": "y", "origin": [6.9, 8, 8]},
			"faces": {
				"north": {"uv": [1.859, 8.032, 14.253, 10.468], "texture": "#1"},
				"east": {"uv": [1.859, 8.032, 14.253, 10.468], "texture": "#1"},
				"south": {"uv": [1.859, 8.032, 14.253, 10.468], "texture": "#1"},
				"west": {"uv": [1.859, 8.032, 14.253, 10.468], "texture": "#1"},
				"up": {"uv": [1.859, 8.032, 14.253, 10.468], "texture": "#1"},
				"down": {"uv": [1.859, 8.032, 14.253, 10.468], "texture": "#1"}
			}
		},
		{
			"from": [1, 4, 0.1],
			"to": [1.1, 5.7, 1.9],
			"rotation": {"angle": 0, "axis": "y", "origin": [8, 8, -6]},
			"faces": {
				"north": {"uv": [1.859, 8.032, 14.253, 10.468], "texture": "#1"},
				"east": {"uv": [1.859, 8.032, 14.253, 10.468], "texture": "#1"},
				"south": {"uv": [1.859, 8.032, 14.253, 10.468], "texture": "#1"},
				"west": {"uv": [1.859, 8.032, 14.253, 10.468], "texture": "#1"},
				"up": {"uv": [1.859, 8.032, 14.253, 10.468], "texture": "#1"},
				"down": {"uv": [1.859, 8.032, 14.253, 10.468], "texture": "#1"}
			}
		},
		{
			"from": [-0.1, 4, 0.1],
			"to": [0, 5.7, 1.9],
			"rotation": {"angle": 0, "axis": "y", "origin": [6.9, 8, -6]},
			"faces": {
				"north": {"uv": [1.859, 8.032, 14.253, 10.468], "texture": "#1"},
				"east": {"uv": [1.859, 8.032, 14.253, 10.468], "texture": "#1"},
				"south": {"uv": [1.859, 8.032, 14.253, 10.468], "texture": "#1"},
				"west": {"uv": [1.859, 8.032, 14.253, 10.468], "texture": "#1"},
				"up": {"uv": [1.859, 8.032, 14.253, 10.468], "texture": "#1"},
				"down": {"uv": [1.859, 8.032, 14.253, 10.468], "texture": "#1"}
			}
		},
		{
			"from": [1, 5.9, 5.1],
			"to": [1.1, 7.6, 15.9],
			"faces": {
				"north": {"uv": [1.859, 8.032, 14.253, 10.468], "texture": "#1"},
				"east": {"uv": [1.859, 5.532, 14.253, 7.967], "texture": "#1"},
				"south": {"uv": [1.859, 8.032, 14.253, 10.468], "texture": "#1"},
				"west": {"uv": [1.859, 8.032, 14.253, 10.468], "texture": "#1"},
				"up": {"uv": [1.859, 8.032, 14.253, 10.468], "texture": "#1"},
				"down": {"uv": [1.859, 8.032, 14.253, 10.468], "texture": "#1"}
			}
		},
		{
			"from": [-0.1, 5.9, 5.1],
			"to": [0, 7.6, 15.9],
			"rotation": {"angle": 0, "axis": "y", "origin": [6.9, 8, 8]},
			"faces": {
				"north": {"uv": [1.859, 8.032, 14.253, 10.468], "texture": "#1"},
				"east": {"uv": [1.859, 5.532, 14.253, 7.967], "texture": "#1"},
				"south": {"uv": [1.859, 8.032, 14.253, 10.468], "texture": "#1"},
				"west": {"uv": [1.859, 8.032, 14.253, 10.468], "texture": "#1"},
				"up": {"uv": [1.859, 8.032, 14.253, 10.468], "texture": "#1"},
				"down": {"uv": [1.859, 8.032, 14.253, 10.468], "texture": "#1"}
			}
		},
		{
			"from": [1, 5.9, 0.1],
			"to": [1.1, 7.6, 1.9],
			"rotation": {"angle": 0, "axis": "y", "origin": [8, 8, -6]},
			"faces": {
				"north": {"uv": [1.859, 8.032, 14.253, 10.468], "texture": "#1"},
				"east": {"uv": [1.859, 5.532, 14.253, 7.967], "texture": "#1"},
				"south": {"uv": [1.859, 8.032, 14.253, 10.468], "texture": "#1"},
				"west": {"uv": [1.859, 8.032, 14.253, 10.468], "texture": "#1"},
				"up": {"uv": [1.859, 8.032, 14.253, 10.468], "texture": "#1"},
				"down": {"uv": [1.859, 8.032, 14.253, 10.468], "texture": "#1"}
			}
		},
		{
			"from": [-0.1, 5.9, 0.1],
			"to": [0, 7.6, 1.9],
			"rotation": {"angle": 0, "axis": "y", "origin": [6.9, 8, -6]},
			"faces": {
				"north": {"uv": [1.859, 8.032, 14.253, 10.468], "texture": "#1"},
				"east": {"uv": [1.859, 5.532, 14.253, 7.967], "texture": "#1"},
				"south": {"uv": [1.859, 8.032, 14.253, 10.468], "texture": "#1"},
				"west": {"uv": [1.859, 8.032, 14.253, 10.468], "texture": "#1"},
				"up": {"uv": [1.859, 8.032, 14.253, 10.468], "texture": "#1"},
				"down": {"uv": [1.859, 8.032, 14.253, 10.468], "texture": "#1"}
			}
		},
		{
			"from": [1, 7.8, 5.1],
			"to": [1.1, 9.5, 15.9],
			"faces": {
				"north": {"uv": [1.953, 2.578, 14.347, 5.013], "texture": "#1"},
				"east": {"uv": [1.953, 2.578, 14.347, 5.013], "texture": "#1"},
				"south": {"uv": [1.953, 2.578, 14.347, 5.013], "texture": "#1"},
				"west": {"uv": [1.953, 2.578, 14.347, 5.013], "texture": "#1"},
				"up": {"uv": [1.953, 2.578, 14.347, 5.013], "texture": "#1"},
				"down": {"uv": [1.953, 2.578, 14.347, 5.013], "texture": "#1"}
			}
		},
		{
			"from": [-0.1, 7.8, 5.1],
			"to": [0, 9.5, 15.9],
			"rotation": {"angle": 0, "axis": "y", "origin": [6.9, 8, 8]},
			"faces": {
				"north": {"uv": [1.953, 2.578, 14.347, 5.013], "texture": "#1"},
				"east": {"uv": [1.953, 2.578, 14.347, 5.013], "texture": "#1"},
				"south": {"uv": [1.953, 2.578, 14.347, 5.013], "texture": "#1"},
				"west": {"uv": [1.953, 2.578, 14.347, 5.013], "texture": "#1"},
				"up": {"uv": [1.953, 2.578, 14.347, 5.013], "texture": "#1"},
				"down": {"uv": [1.953, 2.578, 14.347, 5.013], "texture": "#1"}
			}
		},
		{
			"from": [1, 7.8, 0.1],
			"to": [1.1, 9.5, 1.9],
			"rotation": {"angle": 0, "axis": "y", "origin": [8, 8, -6]},
			"faces": {
				"north": {"uv": [1.953, 2.578, 14.347, 5.013], "texture": "#1"},
				"east": {"uv": [1.953, 2.578, 14.347, 5.013], "texture": "#1"},
				"south": {"uv": [1.953, 2.578, 14.347, 5.013], "texture": "#1"},
				"west": {"uv": [1.953, 2.578, 14.347, 5.013], "texture": "#1"},
				"up": {"uv": [1.953, 2.578, 14.347, 5.013], "texture": "#1"},
				"down": {"uv": [1.953, 2.578, 14.347, 5.013], "texture": "#1"}
			}
		},
		{
			"from": [-0.1, 7.8, 0.1],
			"to": [0, 9.5, 1.9],
			"rotation": {"angle": 0, "axis": "y", "origin": [6.9, 8, -6]},
			"faces": {
				"north": {"uv": [1.953, 2.578, 14.347, 5.013], "texture": "#1"},
				"east": {"uv": [1.953, 2.578, 14.347, 5.013], "texture": "#1"},
				"south": {"uv": [1.953, 2.578, 14.347, 5.013], "texture": "#1"},
				"west": {"uv": [1.953, 2.578, 14.347, 5.013], "texture": "#1"},
				"up": {"uv": [1.953, 2.578, 14.347, 5.013], "texture": "#1"},
				"down": {"uv": [1.953, 2.578, 14.347, 5.013], "texture": "#1"}
			}
		},
		{
			"from": [1, 9.7, 5.1],
			"to": [1.1, 11.4, 15.9],
			"faces": {
				"north": {"uv": [2.032, 0, 14.425, 2.435], "texture": "#1"},
				"east": {"uv": [2.032, 0, 14.425, 2.435], "texture": "#1"},
				"south": {"uv": [2.032, 0, 14.425, 2.435], "texture": "#1"},
				"west": {"uv": [2.032, 0, 14.425, 2.435], "texture": "#1"},
				"up": {"uv": [2.032, 0, 14.425, 2.435], "texture": "#1"},
				"down": {"uv": [2.032, 0, 14.425, 2.435], "texture": "#1"}
			}
		},
		{
			"from": [-0.1, 9.7, 5.1],
			"to": [0, 11.4, 15.9],
			"rotation": {"angle": 0, "axis": "y", "origin": [6.9, 8, 8]},
			"faces": {
				"north": {"uv": [2.032, 0, 14.425, 2.435], "texture": "#1"},
				"east": {"uv": [2.032, 0, 14.425, 2.435], "texture": "#1"},
				"south": {"uv": [2.032, 0, 14.425, 2.435], "texture": "#1"},
				"west": {"uv": [2.032, 0, 14.425, 2.435], "texture": "#1"},
				"up": {"uv": [2.032, 0, 14.425, 2.435], "texture": "#1"},
				"down": {"uv": [2.032, 0, 14.425, 2.435], "texture": "#1"}
			}
		},
		{
			"from": [1, 9.7, 0.1],
			"to": [1.1, 11.4, 1.9],
			"rotation": {"angle": 0, "axis": "y", "origin": [8, 8, -6]},
			"faces": {
				"north": {"uv": [2.032, 0, 14.425, 2.435], "texture": "#1"},
				"east": {"uv": [2.032, 0, 14.425, 2.435], "texture": "#1"},
				"south": {"uv": [2.032, 0, 14.425, 2.435], "texture": "#1"},
				"west": {"uv": [2.032, 0, 14.425, 2.435], "texture": "#1"},
				"up": {"uv": [2.032, 0, 14.425, 2.435], "texture": "#1"},
				"down": {"uv": [2.032, 0, 14.425, 2.435], "texture": "#1"}
			}
		},
		{
			"from": [-0.1, 9.7, 0.1],
			"to": [0, 11.4, 1.9],
			"rotation": {"angle": 0, "axis": "y", "origin": [6.9, 8, -6]},
			"faces": {
				"north": {"uv": [2.032, 0, 14.425, 2.435], "texture": "#1"},
				"east": {"uv": [2.032, 0, 14.425, 2.435], "texture": "#1"},
				"south": {"uv": [2.032, 0, 14.425, 2.435], "texture": "#1"},
				"west": {"uv": [2.032, 0, 14.425, 2.435], "texture": "#1"},
				"up": {"uv": [2.032, 0, 14.425, 2.435], "texture": "#1"},
				"down": {"uv": [2.032, 0, 14.425, 2.435], "texture": "#1"}
			}
		},
		{
			"from": [1, 11.6, 5.1],
			"to": [1.1, 13.3, 15.9],
			"faces": {
				"north": {"uv": [1.859, 13.609, 14.252, 16], "texture": "#1"},
				"east": {"uv": [1.859, 13.609, 14.252, 16], "texture": "#1"},
				"south": {"uv": [1.859, 13.609, 14.252, 16], "texture": "#1"},
				"west": {"uv": [1.859, 13.609, 14.252, 16], "texture": "#1"},
				"up": {"uv": [1.859, 13.609, 14.252, 16], "texture": "#1"},
				"down": {"uv": [1.859, 13.609, 14.252, 16], "texture": "#1"}
			}
		},
		{
			"from": [-0.1, 11.6, 5.1],
			"to": [0, 13.3, 15.9],
			"rotation": {"angle": 0, "axis": "y", "origin": [6.9, 8, 8]},
			"faces": {
				"north": {"uv": [1.859, 13.609, 14.252, 16], "texture": "#1"},
				"east": {"uv": [1.859, 13.609, 14.252, 16], "texture": "#1"},
				"south": {"uv": [1.859, 13.609, 14.252, 16], "texture": "#1"},
				"west": {"uv": [1.859, 13.609, 14.252, 16], "texture": "#1"},
				"up": {"uv": [1.859, 13.609, 14.252, 16], "texture": "#1"},
				"down": {"uv": [1.859, 13.609, 14.252, 16], "texture": "#1"}
			}
		},
		{
			"from": [1, 11.6, 0.1],
			"to": [1.1, 13.3, 1.9],
			"rotation": {"angle": 0, "axis": "y", "origin": [8, 8, -6]},
			"faces": {
				"north": {"uv": [1.859, 13.609, 14.252, 16], "texture": "#1"},
				"east": {"uv": [1.859, 13.609, 14.252, 16], "texture": "#1"},
				"south": {"uv": [1.859, 13.609, 14.252, 16], "texture": "#1"},
				"west": {"uv": [1.859, 13.609, 14.252, 16], "texture": "#1"},
				"up": {"uv": [1.859, 13.609, 14.252, 16], "texture": "#1"},
				"down": {"uv": [1.859, 13.609, 14.252, 16], "texture": "#1"}
			}
		},
		{
			"from": [-0.1, 11.6, 0.1],
			"to": [0, 13.3, 1.9],
			"rotation": {"angle": 0, "axis": "y", "origin": [6.9, 8, -6]},
			"faces": {
				"north": {"uv": [1.859, 13.609, 14.252, 16], "texture": "#1"},
				"east": {"uv": [1.859, 13.609, 14.252, 16], "texture": "#1"},
				"south": {"uv": [1.859, 13.609, 14.252, 16], "texture": "#1"},
				"west": {"uv": [1.859, 13.609, 14.252, 16], "texture": "#1"},
				"up": {"uv": [1.859, 13.609, 14.252, 16], "texture": "#1"},
				"down": {"uv": [1.859, 13.609, 14.252, 16], "texture": "#1"}
			}
		},
		{
			"from": [1, 13.5, 5.1],
			"to": [1.1, 15.2, 15.9],
			"faces": {
				"north": {"uv": [1.907, 10.672, 14.299, 13.063], "texture": "#1"},
				"east": {"uv": [1.907, 10.672, 14.299, 13.063], "texture": "#1"},
				"south": {"uv": [1.907, 10.672, 14.299, 13.063], "texture": "#1"},
				"west": {"uv": [1.907, 10.672, 14.299, 13.063], "texture": "#1"},
				"up": {"uv": [1.907, 10.672, 14.299, 13.063], "texture": "#1"},
				"down": {"uv": [1.907, 10.672, 14.299, 13.063], "texture": "#1"}
			}
		},
		{
			"from": [-0.1, 13.5, 5.1],
			"to": [0, 15.2, 15.9],
			"rotation": {"angle": 0, "axis": "y", "origin": [6.9, 8, 8]},
			"faces": {
				"north": {"uv": [1.907, 10.672, 14.299, 13.063], "texture": "#1"},
				"east": {"uv": [1.907, 10.672, 14.299, 13.063], "texture": "#1"},
				"south": {"uv": [1.907, 10.672, 14.299, 13.063], "texture": "#1"},
				"west": {"uv": [1.907, 10.672, 14.299, 13.063], "texture": "#1"},
				"up": {"uv": [1.907, 10.672, 14.299, 13.063], "texture": "#1"},
				"down": {"uv": [1.907, 10.672, 14.299, 13.063], "texture": "#1"}
			}
		},
		{
			"from": [1, 13.5, 0.1],
			"to": [1.1, 15.2, 1.9],
			"rotation": {"angle": 0, "axis": "y", "origin": [8, 8, -6]},
			"faces": {
				"north": {"uv": [1.907, 10.672, 14.299, 13.063], "texture": "#1"},
				"east": {"uv": [1.907, 10.672, 14.299, 13.063], "texture": "#1"},
				"south": {"uv": [1.907, 10.672, 14.299, 13.063], "texture": "#1"},
				"west": {"uv": [1.907, 10.672, 14.299, 13.063], "texture": "#1"},
				"up": {"uv": [1.907, 10.672, 14.299, 13.063], "texture": "#1"},
				"down": {"uv": [1.907, 10.672, 14.299, 13.063], "texture": "#1"}
			}
		},
		{
			"from": [-0.1, 13.5, 0.1],
			"to": [0, 15.2, 1.9],
			"rotation": {"angle": 0, "axis": "y", "origin": [6.9, 8, -6]},
			"faces": {
				"north": {"uv": [1.907, 10.672, 14.299, 13.063], "texture": "#1"},
				"east": {"uv": [1.907, 10.672, 14.299, 13.063], "texture": "#1"},
				"south": {"uv": [1.907, 10.672, 14.299, 13.063], "texture": "#1"},
				"west": {"uv": [1.907, 10.672, 14.299, 13.063], "texture": "#1"},
				"up": {"uv": [1.907, 10.672, 14.299, 13.063], "texture": "#1"},
				"down": {"uv": [1.907, 10.672, 14.299, 13.063], "texture": "#1"}
			}
		},
		{
			"from": [1, 15.4, 5.1],
			"to": [1.1, 16, 15.9],
			"faces": {
				"north": {"uv": [1.907, 10.672, 14.299, 13.063], "texture": "#1"},
				"east": {"uv": [1.907, 10.672, 14.299, 13.063], "texture": "#1"},
				"south": {"uv": [1.907, 10.672, 14.299, 13.063], "texture": "#1"},
				"west": {"uv": [1.907, 10.672, 14.299, 13.063], "texture": "#1"},
				"up": {"uv": [1.907, 10.672, 14.299, 13.063], "texture": "#1"},
				"down": {"uv": [1.907, 10.672, 14.299, 13.063], "texture": "#1"}
			}
		},
		{
			"from": [-0.1, 15.4, 5.1],
			"to": [0, 16, 15.9],
			"rotation": {"angle": 0, "axis": "y", "origin": [6.9, 8, 8]},
			"faces": {
				"north": {"uv": [1.907, 10.672, 14.299, 13.063], "texture": "#1"},
				"east": {"uv": [1.907, 10.672, 14.299, 13.063], "texture": "#1"},
				"south": {"uv": [1.907, 10.672, 14.299, 13.063], "texture": "#1"},
				"west": {"uv": [1.907, 10.672, 14.299, 13.063], "texture": "#1"},
				"up": {"uv": [1.907, 10.672, 14.299, 13.063], "texture": "#1"},
				"down": {"uv": [1.907, 10.672, 14.299, 13.063], "texture": "#1"}
			}
		},
		{
			"from": [1, 15.4, 0.1],
			"to": [1.1, 16, 1.9],
			"faces": {
				"north": {"uv": [1.907, 10.672, 14.299, 13.063], "texture": "#1"},
				"east": {"uv": [1.907, 10.672, 14.299, 13.063], "texture": "#1"},
				"south": {"uv": [1.907, 10.672, 14.299, 13.063], "texture": "#1"},
				"west": {"uv": [1.907, 10.672, 14.299, 13.063], "texture": "#1"},
				"up": {"uv": [1.907, 10.672, 14.299, 13.063], "texture": "#1"},
				"down": {"uv": [1.907, 10.672, 14.299, 13.063], "texture": "#1"}
			}
		},
		{
			"from": [-0.1, 15.4, 0.1],
			"to": [0, 16, 1.9],
			"rotation": {"angle": 0, "axis": "y", "origin": [6.9, 8, 8]},
			"faces": {
				"north": {"uv": [1.907, 10.672, 14.299, 13.063], "texture": "#1"},
				"east": {"uv": [1.907, 10.672, 14.299, 13.063], "texture": "#1"},
				"south": {"uv": [1.907, 10.672, 14.299, 13.063], "texture": "#1"},
				"west": {"uv": [1.907, 10.672, 14.299, 13.063], "texture": "#1"},
				"up": {"uv": [1.907, 10.672, 14.299, 13.063], "texture": "#1"},
				"down": {"uv": [1.907, 10.672, 14.299, 13.063], "texture": "#1"}
			}
		},
		{
			"from": [0.1, 3, -0.1],
			"to": [0.9, 6, 0],
			"faces": {
				"north": {"uv": [0, 0, 2.394, 5.5], "texture": "#3"},
				"east": {"uv": [0, 0, 2.394, 5.5], "texture": "#3"},
				"south": {"uv": [0, 0, 2.394, 5.5], "texture": "#3"},
				"west": {"uv": [0, 0, 2.394, 5.5], "texture": "#3"},
				"up": {"uv": [0, 0, 2.394, 5.5], "texture": "#3"},
				"down": {"uv": [0, 0, 2.394, 5.5], "texture": "#3"}
			}
		}
	],
	"groups": [
		{
			"name": "group",
			"origin": [8, 8, 8],
			"children": [0, 1, 2, 3, 4, 5, 6, 7, 8, 9, 10, 11, 12, 13, 14, 15, 16, 17, 18, 19, 20, 21, 22, 23, 24, 25, 26, 27, 28, 29, 30, 31, 32, 33, 34, 35, 36, 37, 38, 39, 40, 41, 42, 43, 44, 45, 46, 47, 48, 49, 50, 51, 52, 53]
		}, 54]
}