{
	"credit": "Made with Blockbench",
	"textures": {
		"3": "block/cmodels/box_center",
		"particle": "block/cmodels/wire_black"
	},
	"elements": [
		{
			"from": [5.2, 1.6, 5.1],
			"to": [10.9, 1.6, 10.9],
			"rotation": {"angle": 0, "axis": "y", "origin": [5.7, 0, 5.5]},
			"faces": {
				"north": {"uv": [2.86, 2.845, 13.359, 13.126], "rotation": 90, "texture": "#3"},
				"east": {"uv": [2.86, 2.845, 13.359, 13.126], "rotation": 90, "texture": "#3"},
				"south": {"uv": [2.86, 2.845, 13.359, 13.126], "rotation": 90, "texture": "#3"},
				"west": {"uv": [2.86, 2.845, 13.359, 13.126], "rotation": 90, "texture": "#3"},
				"up": {"uv": [2.86, 2.845, 13.359, 13.126], "rotation": 90, "texture": "#3"},
				"down": {"uv": [2.86, 2.845, 13.359, 13.126], "rotation": 90, "texture": "#3"}
			}
		},
		{
			"from": [5.2, 1.3, 5.1],
			"to": [10.9, 1.3, 10.9],
			"rotation": {"angle": 0, "axis": "y", "origin": [5.7, 0, 5.5]},
			"faces": {
				"north": {"uv": [2.86, 2.845, 13.359, 13.126], "rotation": 90, "texture": "#3"},
				"east": {"uv": [2.86, 2.845, 13.359, 13.126], "rotation": 90, "texture": "#3"},
				"south": {"uv": [2.86, 2.845, 13.359, 13.126], "rotation": 90, "texture": "#3"},
				"west": {"uv": [2.86, 2.845, 13.359, 13.126], "rotation": 90, "texture": "#3"},
				"up": {"uv": [2.86, 2.845, 13.359, 13.126], "rotation": 90, "texture": "#3"},
				"down": {"uv": [2.86, 2.845, 13.359, 13.126], "rotation": 90, "texture": "#3"}
			}
		},
		{
			"from": [5.2, 1.2, 5.1],
			"to": [10.9, 1.2, 10.9],
			"rotation": {"angle": 0, "axis": "y", "origin": [5.7, 0, 5.5]},
			"faces": {
				"north": {"uv": [2.86, 2.845, 13.359, 13.126], "rotation": 90, "texture": "#3"},
				"east": {"uv": [2.86, 2.845, 13.359, 13.126], "rotation": 90, "texture": "#3"},
				"south": {"uv": [2.86, 2.845, 13.359, 13.126], "rotation": 90, "texture": "#3"},
				"west": {"uv": [2.86, 2.845, 13.359, 13.126], "rotation": 90, "texture": "#3"},
				"up": {"uv": [2.86, 2.845, 13.359, 13.126], "rotation": 90, "texture": "#3"},
				"down": {"uv": [2.86, 2.845, 13.359, 13.126], "rotation": 90, "texture": "#3"}
			}
		},
		{
			"from": [5.2, 1.1, 5.1],
			"to": [10.9, 1.1, 10.9],
			"rotation": {"angle": 0, "axis": "y", "origin": [5.7, 0, 5.5]},
			"faces": {
				"north": {"uv": [2.86, 2.845, 13.359, 13.126], "rotation": 90, "texture": "#3"},
				"east": {"uv": [2.86, 2.845, 13.359, 13.126], "rotation": 90, "texture": "#3"},
				"south": {"uv": [2.86, 2.845, 13.359, 13.126], "rotation": 90, "texture": "#3"},
				"west": {"uv": [2.86, 2.845, 13.359, 13.126], "rotation": 90, "texture": "#3"},
				"up": {"uv": [2.86, 2.845, 13.359, 13.126], "rotation": 90, "texture": "#3"},
				"down": {"uv": [2.86, 2.845, 13.359, 13.126], "rotation": 90, "texture": "#3"}
			}
		},
		{
			"from": [5.2, 1, 5.1],
			"to": [10.9, 1, 10.9],
			"rotation": {"angle": 0, "axis": "y", "origin": [5.7, 0, 5.5]},
			"faces": {
				"north": {"uv": [2.86, 2.845, 13.359, 13.126], "rotation": 90, "texture": "#3"},
				"east": {"uv": [2.86, 2.845, 13.359, 13.126], "rotation": 90, "texture": "#3"},
				"south": {"uv": [2.86, 2.845, 13.359, 13.126], "rotation": 90, "texture": "#3"},
				"west": {"uv": [2.86, 2.845, 13.359, 13.126], "rotation": 90, "texture": "#3"},
				"up": {"uv": [2.86, 2.845, 13.359, 13.126], "rotation": 90, "texture": "#3"},
				"down": {"uv": [2.86, 2.845, 13.359, 13.126], "rotation": 90, "texture": "#3"}
			}
		},
		{
			"from": [5.2, 0.9, 5.1],
			"to": [10.9, 0.9, 10.9],
			"rotation": {"angle": 0, "axis": "y", "origin": [5.7, 0, 5.5]},
			"faces": {
				"north": {"uv": [2.86, 2.845, 13.359, 13.126], "rotation": 90, "texture": "#3"},
				"east": {"uv": [2.86, 2.845, 13.359, 13.126], "rotation": 90, "texture": "#3"},
				"south": {"uv": [2.86, 2.845, 13.359, 13.126], "rotation": 90, "texture": "#3"},
				"west": {"uv": [2.86, 2.845, 13.359, 13.126], "rotation": 90, "texture": "#3"},
				"up": {"uv": [2.86, 2.845, 13.359, 13.126], "rotation": 90, "texture": "#3"},
				"down": {"uv": [2.86, 2.845, 13.359, 13.126], "rotation": 90, "texture": "#3"}
			}
		},
		{
			"from": [5.2, 0.8, 5.1],
			"to": [10.9, 0.8, 10.9],
			"rotation": {"angle": 0, "axis": "y", "origin": [5.7, 0, 5.5]},
			"faces": {
				"north": {"uv": [2.86, 2.845, 13.359, 13.126], "rotation": 90, "texture": "#3"},
				"east": {"uv": [2.86, 2.845, 13.359, 13.126], "rotation": 90, "texture": "#3"},
				"south": {"uv": [2.86, 2.845, 13.359, 13.126], "rotation": 90, "texture": "#3"},
				"west": {"uv": [2.86, 2.845, 13.359, 13.126], "rotation": 90, "texture": "#3"},
				"up": {"uv": [2.86, 2.845, 13.359, 13.126], "rotation": 90, "texture": "#3"},
				"down": {"uv": [2.86, 2.845, 13.359, 13.126], "rotation": 90, "texture": "#3"}
			}
		},
		{
			"from": [5.2, 0.7, 5.1],
			"to": [10.9, 0.7, 10.9],
			"rotation": {"angle": 0, "axis": "y", "origin": [5.7, 0, 5.5]},
			"faces": {
				"north": {"uv": [2.86, 2.845, 13.359, 13.126], "rotation": 90, "texture": "#3"},
				"east": {"uv": [2.86, 2.845, 13.359, 13.126], "rotation": 90, "texture": "#3"},
				"south": {"uv": [2.86, 2.845, 13.359, 13.126], "rotation": 90, "texture": "#3"},
				"west": {"uv": [2.86, 2.845, 13.359, 13.126], "rotation": 90, "texture": "#3"},
				"up": {"uv": [2.86, 2.845, 13.359, 13.126], "rotation": 90, "texture": "#3"},
				"down": {"uv": [2.86, 2.845, 13.359, 13.126], "rotation": 90, "texture": "#3"}
			}
		},
		{
			"from": [5.2, 0.6, 5.1],
			"to": [10.9, 0.6, 10.9],
			"rotation": {"angle": 0, "axis": "y", "origin": [5.7, 0, 5.5]},
			"faces": {
				"north": {"uv": [2.86, 2.845, 13.359, 13.126], "rotation": 90, "texture": "#3"},
				"east": {"uv": [2.86, 2.845, 13.359, 13.126], "rotation": 90, "texture": "#3"},
				"south": {"uv": [2.86, 2.845, 13.359, 13.126], "rotation": 90, "texture": "#3"},
				"west": {"uv": [2.86, 2.845, 13.359, 13.126], "rotation": 90, "texture": "#3"},
				"up": {"uv": [2.86, 2.845, 13.359, 13.126], "rotation": 90, "texture": "#3"},
				"down": {"uv": [2.86, 2.845, 13.359, 13.126], "rotation": 90, "texture": "#3"}
			}
		},
		{
			"from": [5.2, 0.5, 5.1],
			"to": [10.9, 0.5, 10.9],
			"rotation": {"angle": 0, "axis": "y", "origin": [5.7, 0, 5.5]},
			"faces": {
				"north": {"uv": [2.86, 2.845, 13.359, 13.126], "rotation": 90, "texture": "#3"},
				"east": {"uv": [2.86, 2.845, 13.359, 13.126], "rotation": 90, "texture": "#3"},
				"south": {"uv": [2.86, 2.845, 13.359, 13.126], "rotation": 90, "texture": "#3"},
				"west": {"uv": [2.86, 2.845, 13.359, 13.126], "rotation": 90, "texture": "#3"},
				"up": {"uv": [2.86, 2.845, 13.359, 13.126], "rotation": 90, "texture": "#3"},
				"down": {"uv": [2.86, 2.845, 13.359, 13.126], "rotation": 90, "texture": "#3"}
			}
		},
		{
			"from": [5.2, 0.4, 5.1],
			"to": [10.9, 0.4, 10.9],
			"rotation": {"angle": 0, "axis": "y", "origin": [5.7, 0, 5.5]},
			"faces": {
				"north": {"uv": [2.86, 2.845, 13.359, 13.126], "rotation": 90, "texture": "#3"},
				"east": {"uv": [2.86, 2.845, 13.359, 13.126], "rotation": 90, "texture": "#3"},
				"south": {"uv": [2.86, 2.845, 13.359, 13.126], "rotation": 90, "texture": "#3"},
				"west": {"uv": [2.86, 2.845, 13.359, 13.126], "rotation": 90, "texture": "#3"},
				"up": {"uv": [2.86, 2.845, 13.359, 13.126], "rotation": 90, "texture": "#3"},
				"down": {"uv": [2.86, 2.845, 13.359, 13.126], "rotation": 90, "texture": "#3"}
			}
		},
		{
			"from": [5.2, 0.3, 5.1],
			"to": [10.9, 0.3, 10.9],
			"rotation": {"angle": 0, "axis": "y", "origin": [5.7, 0, 5.5]},
			"faces": {
				"north": {"uv": [2.86, 2.845, 13.359, 13.126], "rotation": 90, "texture": "#3"},
				"east": {"uv": [2.86, 2.845, 13.359, 13.126], "rotation": 90, "texture": "#3"},
				"south": {"uv": [2.86, 2.845, 13.359, 13.126], "rotation": 90, "texture": "#3"},
				"west": {"uv": [2.86, 2.845, 13.359, 13.126], "rotation": 90, "texture": "#3"},
				"up": {"uv": [2.86, 2.845, 13.359, 13.126], "rotation": 90, "texture": "#3"},
				"down": {"uv": [2.86, 2.845, 13.359, 13.126], "rotation": 90, "texture": "#3"}
			}
		},
		{
			"from": [5.2, 0.2, 5.1],
			"to": [10.9, 0.2, 10.9],
			"rotation": {"angle": 0, "axis": "y", "origin": [5.7, 0, 5.5]},
			"faces": {
				"north": {"uv": [2.86, 2.845, 13.359, 13.126], "rotation": 90, "texture": "#3"},
				"east": {"uv": [2.86, 2.845, 13.359, 13.126], "rotation": 90, "texture": "#3"},
				"south": {"uv": [2.86, 2.845, 13.359, 13.126], "rotation": 90, "texture": "#3"},
				"west": {"uv": [2.86, 2.845, 13.359, 13.126], "rotation": 90, "texture": "#3"},
				"up": {"uv": [2.86, 2.845, 13.359, 13.126], "rotation": 90, "texture": "#3"},
				"down": {"uv": [2.86, 2.845, 13.359, 13.126], "rotation": 90, "texture": "#3"}
			}
		},
		{
			"from": [5.2, 0.1, 5.1],
			"to": [10.9, 0.1, 10.9],
			"rotation": {"angle": 0, "axis": "y", "origin": [5.7, 0, 5.5]},
			"faces": {
				"north": {"uv": [2.86, 2.845, 13.359, 13.126], "rotation": 90, "texture": "#3"},
				"east": {"uv": [2.86, 2.845, 13.359, 13.126], "rotation": 90, "texture": "#3"},
				"south": {"uv": [2.86, 2.845, 13.359, 13.126], "rotation": 90, "texture": "#3"},
				"west": {"uv": [2.86, 2.845, 13.359, 13.126], "rotation": 90, "texture": "#3"},
				"up": {"uv": [2.86, 2.845, 13.359, 13.126], "rotation": 90, "texture": "#3"},
				"down": {"uv": [2.86, 2.845, 13.359, 13.126], "rotation": 90, "texture": "#3"}
			}
		},
		{
			"from": [5.2, 1.4, 5.1],
			"to": [10.9, 1.4, 10.9],
			"rotation": {"angle": 0, "axis": "y", "origin": [5.7, 0, 5.5]},
			"faces": {
				"north": {"uv": [2.86, 2.845, 13.359, 13.126], "rotation": 90, "texture": "#3"},
				"east": {"uv": [2.86, 2.845, 13.359, 13.126], "rotation": 90, "texture": "#3"},
				"south": {"uv": [2.86, 2.845, 13.359, 13.126], "rotation": 90, "texture": "#3"},
				"west": {"uv": [2.86, 2.845, 13.359, 13.126], "rotation": 90, "texture": "#3"},
				"up": {"uv": [2.86, 2.845, 13.359, 13.126], "rotation": 90, "texture": "#3"},
				"down": {"uv": [2.86, 2.845, 13.359, 13.126], "rotation": 90, "texture": "#3"}
			}
		},
		{
			"from": [5.2, 1.5, 5.1],
			"to": [10.9, 1.5, 10.9],
			"rotation": {"angle": 0, "axis": "y", "origin": [5.7, 0, 5.5]},
			"faces": {
				"north": {"uv": [2.86, 2.845, 13.359, 13.126], "rotation": 90, "texture": "#3"},
				"east": {"uv": [2.86, 2.845, 13.359, 13.126], "rotation": 90, "texture": "#3"},
				"south": {"uv": [2.86, 2.845, 13.359, 13.126], "rotation": 90, "texture": "#3"},
				"west": {"uv": [2.86, 2.845, 13.359, 13.126], "rotation": 90, "texture": "#3"},
				"up": {"uv": [2.86, 2.845, 13.359, 13.126], "rotation": 90, "texture": "#3"},
				"down": {"uv": [2.86, 2.845, 13.359, 13.126], "rotation": 90, "texture": "#3"}
			}
		}
	],
	"groups": [
		{
			"name": "wire_center",
			"origin": [8, 8, 8],
			"children": [
				{
					"name": "wire_center_2",
					"origin": [8, 8, 8],
					"children": [0, 1, 2, 3, 4, 5, 6, 7, 8, 9, 10, 11, 12, 13, 14, 15]
				}
			]
		}
	]
}