{
	"credit": "Made with Blockbench",
	"textures": {
		"2": "block/cmodels/wire_on",
		"2_1": "block/cmodels/wire_off",
		"particle": "block/cmodels/wire_black"
	},
	"elements": [
		{
			"from": [7.4, 0.85, 7.505],
			"to": [16.05, 0.85, 16.005],
			"rotation": {"angle": 0, "axis": "y", "origin": [8.025, 0.5, 8]},
			"faces": {
				"north": {"uv": [0.125, 0, 7.999, 7.79], "texture": "#2_1"},
				"east": {"uv": [0.125, 0, 7.999, 7.79], "texture": "#2_1"},
				"south": {"uv": [0.125, 0, 7.999, 7.79], "texture": "#2_1"},
				"west": {"uv": [0.125, 0, 7.999, 7.79], "texture": "#2_1"},
				"up": {"uv": [0.125, 0, 7.999, 7.79], "texture": "#2_1"},
				"down": {"uv": [0.125, 0, 7.999, 7.79], "rotation": 270, "texture": "#2_1"}
			}
		},
		{
			"from": [7.4, 0.95, 7.505],
			"to": [16.05, 0.95, 16.005],
			"rotation": {"angle": 0, "axis": "y", "origin": [8.025, 0.5, 8]},
			"faces": {
				"north": {"uv": [0.125, 0, 7.999, 7.79], "texture": "#2_1"},
				"east": {"uv": [0.125, 0, 7.999, 7.79], "texture": "#2_1"},
				"south": {"uv": [0.125, 0, 7.999, 7.79], "texture": "#2_1"},
				"west": {"uv": [0.125, 0, 7.999, 7.79], "texture": "#2_1"},
				"up": {"uv": [0.125, 0, 7.999, 7.79], "texture": "#2", "tintindex": 0},
				"down": {"uv": [0.125, 0, 7.999, 7.79], "rotation": 270, "texture": "#2_1"}
			}
		},
		{
			"from": [7.4, 0.65, 7.505],
			"to": [16.05, 0.65, 16.005],
			"rotation": {"angle": 0, "axis": "y", "origin": [8.025, 0.5, 8]},
			"faces": {
				"north": {"uv": [0.125, 0, 7.999, 7.79], "texture": "#2_1"},
				"east": {"uv": [0.125, 0, 7.999, 7.79], "texture": "#2_1"},
				"south": {"uv": [0.125, 0, 7.999, 7.79], "texture": "#2_1"},
				"west": {"uv": [0.125, 0, 7.999, 7.79], "texture": "#2_1"},
				"up": {"uv": [0.125, 0, 7.999, 7.79], "texture": "#2_1"},
				"down": {"uv": [0.125, 0, 7.999, 7.79], "rotation": 270, "texture": "#2_1"}
			}
		},
		{
			"from": [7.4, 0.55, 7.505],
			"to": [16.05, 0.55, 16.005],
			"rotation": {"angle": 0, "axis": "y", "origin": [8.025, 0.5, 8]},
			"faces": {
				"north": {"uv": [0.125, 0, 7.999, 7.79], "texture": "#2_1"},
				"east": {"uv": [0.125, 0, 7.999, 7.79], "texture": "#2_1"},
				"south": {"uv": [0.125, 0, 7.999, 7.79], "texture": "#2_1"},
				"west": {"uv": [0.125, 0, 7.999, 7.79], "texture": "#2_1"},
				"up": {"uv": [0.125, 0, 7.999, 7.79], "texture": "#2_1"},
				"down": {"uv": [0.125, 0, 7.999, 7.79], "rotation": 270, "texture": "#2_1"}
			}
		},
		{
			"from": [7.4, 0.45, 7.505],
			"to": [16.05, 0.45, 16.005],
			"rotation": {"angle": 0, "axis": "y", "origin": [8.025, 0.5, 8]},
			"faces": {
				"north": {"uv": [0.125, 0, 7.999, 7.79], "texture": "#2_1"},
				"east": {"uv": [0.125, 0, 7.999, 7.79], "texture": "#2_1"},
				"south": {"uv": [0.125, 0, 7.999, 7.79], "texture": "#2_1"},
				"west": {"uv": [0.125, 0, 7.999, 7.79], "texture": "#2_1"},
				"up": {"uv": [0.125, 0, 7.999, 7.79], "texture": "#2_1"},
				"down": {"uv": [0.125, 0, 7.999, 7.79], "rotation": 270, "texture": "#2_1"}
			}
		},
		{
			"from": [7.4, 0.35, 7.505],
			"to": [16.05, 0.35, 16.005],
			"rotation": {"angle": 0, "axis": "y", "origin": [8.025, 0.5, 8]},
			"faces": {
				"north": {"uv": [0.125, 0, 7.999, 7.79], "texture": "#2_1"},
				"east": {"uv": [0.125, 0, 7.999, 7.79], "texture": "#2_1"},
				"south": {"uv": [0.125, 0, 7.999, 7.79], "texture": "#2_1"},
				"west": {"uv": [0.125, 0, 7.999, 7.79], "texture": "#2_1"},
				"up": {"uv": [0.125, 0, 7.999, 7.79], "texture": "#2_1"},
				"down": {"uv": [0.125, 0, 7.999, 7.79], "rotation": 270, "texture": "#2_1"}
			}
		},
		{
			"from": [7.4, 0.25, 7.505],
			"to": [16.05, 0.25, 16.005],
			"rotation": {"angle": 0, "axis": "y", "origin": [8.025, 0.5, 8]},
			"faces": {
				"north": {"uv": [0.125, 0, 7.999, 7.79], "texture": "#2_1"},
				"east": {"uv": [0.125, 0, 7.999, 7.79], "texture": "#2_1"},
				"south": {"uv": [0.125, 0, 7.999, 7.79], "texture": "#2_1"},
				"west": {"uv": [0.125, 0, 7.999, 7.79], "texture": "#2_1"},
				"up": {"uv": [0.125, 0, 7.999, 7.79], "texture": "#2_1"},
				"down": {"uv": [0.125, 0, 7.999, 7.79], "rotation": 270, "texture": "#2_1"}
			}
		},
		{
			"from": [7.4, 0.15, 7.505],
			"to": [16.05, 0.15, 16.005],
			"rotation": {"angle": 0, "axis": "y", "origin": [8.025, 0.5, 8]},
			"faces": {
				"north": {"uv": [0.125, 0, 7.999, 7.79], "texture": "#2_1"},
				"east": {"uv": [0.125, 0, 7.999, 7.79], "texture": "#2_1"},
				"south": {"uv": [0.125, 0, 7.999, 7.79], "texture": "#2_1"},
				"west": {"uv": [0.125, 0, 7.999, 7.79], "texture": "#2_1"},
				"up": {"uv": [0.125, 0, 7.999, 7.79], "texture": "#2_1"},
				"down": {"uv": [0.125, 0, 7.999, 7.79], "rotation": 270, "texture": "#2_1"}
			}
		},
		{
			"from": [7.4, 0.05, 7.505],
			"to": [16.05, 0.05, 16.005],
			"rotation": {"angle": 0, "axis": "y", "origin": [8.025, 0.5, 8]},
			"faces": {
				"north": {"uv": [0.125, 0, 7.999, 7.79], "texture": "#2_1"},
				"east": {"uv": [0.125, 0, 7.999, 7.79], "texture": "#2_1"},
				"south": {"uv": [0.125, 0, 7.999, 7.79], "texture": "#2_1"},
				"west": {"uv": [0.125, 0, 7.999, 7.79], "texture": "#2_1"},
				"up": {"uv": [0.125, 0, 7.999, 7.79], "texture": "#2_1"},
				"down": {"uv": [0.125, 0, 7.999, 7.79], "rotation": 270, "texture": "#2_1"}
			}
		},
		{
			"from": [7.4, -0.05, 7.505],
			"to": [16.05, -0.05, 16.005],
			"rotation": {"angle": 0, "axis": "y", "origin": [8.025, 0.5, 8]},
			"faces": {
				"north": {"uv": [0.125, 0, 7.999, 7.79], "texture": "#2_1"},
				"east": {"uv": [0.125, 0, 7.999, 7.79], "texture": "#2_1"},
				"south": {"uv": [0.125, 0, 7.999, 7.79], "texture": "#2_1"},
				"west": {"uv": [0.125, 0, 7.999, 7.79], "texture": "#2_1"},
				"up": {"uv": [0.125, 0, 7.999, 7.79], "texture": "#2_1"},
				"down": {"uv": [0.125, 0, 7.999, 7.79], "rotation": 270, "texture": "#2_1"}
			}
		},
		{
			"from": [7.4, 0.75, 7.505],
			"to": [16.05, 0.75, 16.005],
			"rotation": {"angle": 0, "axis": "y", "origin": [8.025, 0.5, 8]},
			"faces": {
				"north": {"uv": [0.125, 0, 7.999, 7.79], "texture": "#2_1"},
				"east": {"uv": [0.125, 0, 7.999, 7.79], "texture": "#2_1"},
				"south": {"uv": [0.125, 0, 7.999, 7.79], "texture": "#2_1"},
				"west": {"uv": [0.125, 0, 7.999, 7.79], "texture": "#2_1"},
				"up": {"uv": [0.125, 0, 7.999, 7.79], "texture": "#2_1"},
				"down": {"uv": [0.125, 0, 7.999, 7.79], "rotation": 270, "texture": "#2_1"}
			}
		}
	],
	"groups": [
		{
			"name": "wire_curve",
			"origin": [8, 8, 8],
			"children": [
				{
					"name": "curve",
					"origin": [8, 8, 8],
					"children": [0, 1, 2, 3, 4, 5, 6, 7, 8, 9, 10]
				}
			]
		}
	]
}