{
	"credit": "Made with Blockbench",
	"textures": {
		"2": "block/cmodels/wire_on",
		"3": "block/cmodels/box_center_on",
		"4": "block/cmodels/wire_black",
		"5": "block/cmodels/wire_off",
		"particle": "block/cmodels/wire_black"
	},
	"elements": [
		{
			"from": [7.5, 0.65, -0.025],
			"to": [8.5, 0.65, 4.525],
			"rotation": {"angle": 0, "axis": "y", "origin": [8.025, 0.5, 8]},
			"faces": {
				"north": {"uv": [10.688, 0, 15.655, 0.907], "rotation": 90, "texture": "#4"},
				"east": {"uv": [10.688, 0, 15.655, 0.907], "rotation": 90, "texture": "#4"},
				"south": {"uv": [10.688, 0, 15.655, 0.907], "rotation": 90, "texture": "#4"},
				"west": {"uv": [10.688, 0, 15.655, 0.907], "rotation": 90, "texture": "#4"},
				"up": {"uv": [10.688, 0, 15.655, 0.907], "rotation": 90, "texture": "#5"},
				"down": {"uv": [10.688, 0, 15.655, 0.907], "rotation": 90, "texture": "#4"}
			}
		},
		{
			"from": [0, 0.65, 7.5],
			"to": [4.55, 0.65, 8.5],
			"rotation": {"angle": 0, "axis": "y", "origin": [8.025, 0.5, 8]},
			"faces": {
				"north": {"uv": [10.688, 0, 15.655, 0.907], "rotation": 90, "texture": "#4"},
				"east": {"uv": [10.688, 0, 15.655, 0.907], "rotation": 90, "texture": "#4"},
				"south": {"uv": [10.688, 0, 15.655, 0.907], "rotation": 90, "texture": "#4"},
				"west": {"uv": [10.688, 0, 15.655, 0.907], "rotation": 90, "texture": "#4"},
				"up": {"uv": [10.688, 0, 15.655, 0.907], "texture": "#5"},
				"down": {"uv": [10.688, 0, 15.655, 0.907], "rotation": 180, "texture": "#4"}
			}
		},
		{
			"from": [7.5, 0.65, 11.475],
			"to": [8.5, 0.65, 16.025],
			"rotation": {"angle": 0, "axis": "y", "origin": [8.025, 0.5, 8]},
			"faces": {
				"north": {"uv": [10.688, 0, 15.655, 0.907], "rotation": 90, "texture": "#4"},
				"east": {"uv": [10.688, 0, 15.655, 0.907], "rotation": 90, "texture": "#4"},
				"south": {"uv": [10.688, 0, 15.655, 0.907], "rotation": 90, "texture": "#4"},
				"west": {"uv": [10.688, 0, 15.655, 0.907], "rotation": 90, "texture": "#4"},
				"up": {"uv": [10.688, 0, 15.655, 0.907], "rotation": 270, "texture": "#5"},
				"down": {"uv": [10.688, 0, 15.655, 0.907], "rotation": 270, "texture": "#4"}
			}
		},
		{
			"from": [11.5, 0.65, 7.5],
			"to": [16.05, 0.65, 8.5],
			"rotation": {"angle": 0, "axis": "y", "origin": [8.025, 0.5, 8]},
			"faces": {
				"north": {"uv": [10.688, 0, 15.655, 0.907], "rotation": 90, "texture": "#4"},
				"east": {"uv": [10.688, 0, 15.655, 0.907], "rotation": 90, "texture": "#4"},
				"south": {"uv": [10.688, 0, 15.655, 0.907], "rotation": 90, "texture": "#4"},
				"west": {"uv": [10.688, 0, 15.655, 0.907], "rotation": 90, "texture": "#4"},
				"up": {"uv": [10.688, 0, 15.655, 0.907], "rotation": 180, "texture": "#5"},
				"down": {"uv": [10.688, 0, 15.655, 0.907], "texture": "#4"}
			}
		},
		{
			"from": [7.5, 0.55, -0.025],
			"to": [8.5, 0.55, 4.525],
			"rotation": {"angle": 0, "axis": "y", "origin": [8.025, 0.5, 8]},
			"faces": {
				"north": {"uv": [10.688, 0, 15.655, 0.907], "rotation": 90, "texture": "#4"},
				"east": {"uv": [10.688, 0, 15.655, 0.907], "rotation": 90, "texture": "#4"},
				"south": {"uv": [10.688, 0, 15.655, 0.907], "rotation": 90, "texture": "#4"},
				"west": {"uv": [10.688, 0, 15.655, 0.907], "rotation": 90, "texture": "#4"},
				"up": {"uv": [10.688, 0, 15.655, 0.907], "rotation": 90, "texture": "#5"},
				"down": {"uv": [10.688, 0, 15.655, 0.907], "rotation": 90, "texture": "#4"}
			}
		},
		{
			"from": [0, 0.55, 7.5],
			"to": [4.55, 0.55, 8.5],
			"rotation": {"angle": 0, "axis": "y", "origin": [8.025, 0.5, 8]},
			"faces": {
				"north": {"uv": [10.688, 0, 15.655, 0.907], "rotation": 90, "texture": "#4"},
				"east": {"uv": [10.688, 0, 15.655, 0.907], "rotation": 90, "texture": "#4"},
				"south": {"uv": [10.688, 0, 15.655, 0.907], "rotation": 90, "texture": "#4"},
				"west": {"uv": [10.688, 0, 15.655, 0.907], "rotation": 90, "texture": "#4"},
				"up": {"uv": [10.688, 0, 15.655, 0.907], "texture": "#5"},
				"down": {"uv": [10.688, 0, 15.655, 0.907], "rotation": 180, "texture": "#4"}
			}
		},
		{
			"from": [7.5, 0.55, 11.475],
			"to": [8.5, 0.55, 16.025],
			"rotation": {"angle": 0, "axis": "y", "origin": [8.025, 0.5, 8]},
			"faces": {
				"north": {"uv": [10.688, 0, 15.655, 0.907], "rotation": 90, "texture": "#4"},
				"east": {"uv": [10.688, 0, 15.655, 0.907], "rotation": 90, "texture": "#4"},
				"south": {"uv": [10.688, 0, 15.655, 0.907], "rotation": 90, "texture": "#4"},
				"west": {"uv": [10.688, 0, 15.655, 0.907], "rotation": 90, "texture": "#4"},
				"up": {"uv": [10.688, 0, 15.655, 0.907], "rotation": 270, "texture": "#5"},
				"down": {"uv": [10.688, 0, 15.655, 0.907], "rotation": 270, "texture": "#4"}
			}
		},
		{
			"from": [11.5, 0.55, 7.5],
			"to": [16.05, 0.55, 8.5],
			"rotation": {"angle": 0, "axis": "y", "origin": [8.025, 0.5, 8]},
			"faces": {
				"north": {"uv": [10.688, 0, 15.655, 0.907], "rotation": 90, "texture": "#4"},
				"east": {"uv": [10.688, 0, 15.655, 0.907], "rotation": 90, "texture": "#4"},
				"south": {"uv": [10.688, 0, 15.655, 0.907], "rotation": 90, "texture": "#4"},
				"west": {"uv": [10.688, 0, 15.655, 0.907], "rotation": 90, "texture": "#4"},
				"up": {"uv": [10.688, 0, 15.655, 0.907], "rotation": 180, "texture": "#5"},
				"down": {"uv": [10.688, 0, 15.655, 0.907], "texture": "#4"}
			}
		},
		{
			"from": [7.5, 0.45, -0.025],
			"to": [8.5, 0.45, 4.525],
			"rotation": {"angle": 0, "axis": "y", "origin": [8.025, 0.5, 8]},
			"faces": {
				"north": {"uv": [10.688, 0, 15.655, 0.907], "rotation": 90, "texture": "#4"},
				"east": {"uv": [10.688, 0, 15.655, 0.907], "rotation": 90, "texture": "#4"},
				"south": {"uv": [10.688, 0, 15.655, 0.907], "rotation": 90, "texture": "#4"},
				"west": {"uv": [10.688, 0, 15.655, 0.907], "rotation": 90, "texture": "#4"},
				"up": {"uv": [10.688, 0, 15.655, 0.907], "rotation": 90, "texture": "#5"},
				"down": {"uv": [10.688, 0, 15.655, 0.907], "rotation": 90, "texture": "#4"}
			}
		},
		{
			"from": [0, 0.45, 7.5],
			"to": [4.55, 0.45, 8.5],
			"rotation": {"angle": 0, "axis": "y", "origin": [8.025, 0.5, 8]},
			"faces": {
				"north": {"uv": [10.688, 0, 15.655, 0.907], "rotation": 90, "texture": "#4"},
				"east": {"uv": [10.688, 0, 15.655, 0.907], "rotation": 90, "texture": "#4"},
				"south": {"uv": [10.688, 0, 15.655, 0.907], "rotation": 90, "texture": "#4"},
				"west": {"uv": [10.688, 0, 15.655, 0.907], "rotation": 90, "texture": "#4"},
				"up": {"uv": [10.688, 0, 15.655, 0.907], "texture": "#5"},
				"down": {"uv": [10.688, 0, 15.655, 0.907], "rotation": 180, "texture": "#4"}
			}
		},
		{
			"from": [7.5, 0.45, 11.475],
			"to": [8.5, 0.45, 16.025],
			"rotation": {"angle": 0, "axis": "y", "origin": [8.025, 0.5, 8]},
			"faces": {
				"north": {"uv": [10.688, 0, 15.655, 0.907], "rotation": 90, "texture": "#4"},
				"east": {"uv": [10.688, 0, 15.655, 0.907], "rotation": 90, "texture": "#4"},
				"south": {"uv": [10.688, 0, 15.655, 0.907], "rotation": 90, "texture": "#4"},
				"west": {"uv": [10.688, 0, 15.655, 0.907], "rotation": 90, "texture": "#4"},
				"up": {"uv": [10.688, 0, 15.655, 0.907], "rotation": 270, "texture": "#5"},
				"down": {"uv": [10.688, 0, 15.655, 0.907], "rotation": 270, "texture": "#4"}
			}
		},
		{
			"from": [11.5, 0.45, 7.5],
			"to": [16.05, 0.45, 8.5],
			"rotation": {"angle": 0, "axis": "y", "origin": [8.025, 0.5, 8]},
			"faces": {
				"north": {"uv": [10.688, 0, 15.655, 0.907], "rotation": 90, "texture": "#4"},
				"east": {"uv": [10.688, 0, 15.655, 0.907], "rotation": 90, "texture": "#5"},
				"south": {"uv": [10.688, 0, 15.655, 0.907], "rotation": 90, "texture": "#4"},
				"west": {"uv": [10.688, 0, 15.655, 0.907], "rotation": 90, "texture": "#4"},
				"up": {"uv": [10.688, 0, 15.655, 0.907], "rotation": 180, "texture": "#5"},
				"down": {"uv": [10.688, 0, 15.655, 0.907], "texture": "#4"}
			}
		},
		{
			"from": [7.5, 0.35, -0.025],
			"to": [8.5, 0.35, 4.525],
			"rotation": {"angle": 0, "axis": "y", "origin": [8.025, 0.5, 8]},
			"faces": {
				"north": {"uv": [10.688, 0, 15.655, 0.907], "rotation": 90, "texture": "#4"},
				"east": {"uv": [10.688, 0, 15.655, 0.907], "rotation": 90, "texture": "#4"},
				"south": {"uv": [10.688, 0, 15.655, 0.907], "rotation": 90, "texture": "#4"},
				"west": {"uv": [10.688, 0, 15.655, 0.907], "rotation": 90, "texture": "#4"},
				"up": {"uv": [10.688, 0, 15.655, 0.907], "rotation": 90, "texture": "#5"},
				"down": {"uv": [10.688, 0, 15.655, 0.907], "rotation": 90, "texture": "#4"}
			}
		},
		{
			"from": [0, 0.35, 7.5],
			"to": [4.55, 0.35, 8.5],
			"rotation": {"angle": 0, "axis": "y", "origin": [8.025, 0.5, 8]},
			"faces": {
				"north": {"uv": [10.688, 0, 15.655, 0.907], "rotation": 90, "texture": "#4"},
				"east": {"uv": [10.688, 0, 15.655, 0.907], "rotation": 90, "texture": "#4"},
				"south": {"uv": [10.688, 0, 15.655, 0.907], "rotation": 90, "texture": "#4"},
				"west": {"uv": [10.688, 0, 15.655, 0.907], "rotation": 90, "texture": "#4"},
				"up": {"uv": [10.688, 0, 15.655, 0.907], "texture": "#5"},
				"down": {"uv": [10.688, 0, 15.655, 0.907], "rotation": 180, "texture": "#4"}
			}
		},
		{
			"from": [7.5, 0.35, 11.475],
			"to": [8.5, 0.35, 16.025],
			"rotation": {"angle": 0, "axis": "y", "origin": [8.025, 0.5, 8]},
			"faces": {
				"north": {"uv": [10.688, 0, 15.655, 0.907], "rotation": 90, "texture": "#4"},
				"east": {"uv": [10.688, 0, 15.655, 0.907], "rotation": 90, "texture": "#4"},
				"south": {"uv": [10.688, 0, 15.655, 0.907], "rotation": 90, "texture": "#4"},
				"west": {"uv": [10.688, 0, 15.655, 0.907], "rotation": 90, "texture": "#4"},
				"up": {"uv": [10.688, 0, 15.655, 0.907], "rotation": 270, "texture": "#5"},
				"down": {"uv": [10.688, 0, 15.655, 0.907], "rotation": 270, "texture": "#4"}
			}
		},
		{
			"from": [11.5, 0.35, 7.5],
			"to": [16.05, 0.35, 8.5],
			"rotation": {"angle": 0, "axis": "y", "origin": [8.025, 0.5, 8]},
			"faces": {
				"north": {"uv": [10.688, 0, 15.655, 0.907], "rotation": 90, "texture": "#4"},
				"east": {"uv": [10.688, 0, 15.655, 0.907], "rotation": 90, "texture": "#4"},
				"south": {"uv": [10.688, 0, 15.655, 0.907], "rotation": 90, "texture": "#4"},
				"west": {"uv": [10.688, 0, 15.655, 0.907], "rotation": 90, "texture": "#4"},
				"up": {"uv": [10.688, 0, 15.655, 0.907], "rotation": 180, "texture": "#5"},
				"down": {"uv": [10.688, 0, 15.655, 0.907], "texture": "#4"}
			}
		},
		{
			"from": [7.5, 0.25, -0.025],
			"to": [8.5, 0.25, 4.525],
			"rotation": {"angle": 0, "axis": "y", "origin": [8.025, 0.5, 8]},
			"faces": {
				"north": {"uv": [10.688, 0, 15.655, 0.907], "rotation": 90, "texture": "#4"},
				"east": {"uv": [10.688, 0, 15.655, 0.907], "rotation": 90, "texture": "#4"},
				"south": {"uv": [10.688, 0, 15.655, 0.907], "rotation": 90, "texture": "#4"},
				"west": {"uv": [10.688, 0, 15.655, 0.907], "rotation": 90, "texture": "#4"},
				"up": {"uv": [10.688, 0, 15.655, 0.907], "rotation": 90, "texture": "#5"},
				"down": {"uv": [10.688, 0, 15.655, 0.907], "rotation": 90, "texture": "#4"}
			}
		},
		{
			"from": [0, 0.25, 7.5],
			"to": [4.55, 0.25, 8.5],
			"rotation": {"angle": 0, "axis": "y", "origin": [8.025, 0.5, 8]},
			"faces": {
				"north": {"uv": [10.688, 0, 15.655, 0.907], "rotation": 90, "texture": "#4"},
				"east": {"uv": [10.688, 0, 15.655, 0.907], "rotation": 90, "texture": "#4"},
				"south": {"uv": [10.688, 0, 15.655, 0.907], "rotation": 90, "texture": "#4"},
				"west": {"uv": [10.688, 0, 15.655, 0.907], "rotation": 90, "texture": "#4"},
				"up": {"uv": [10.688, 0, 15.655, 0.907], "texture": "#5"},
				"down": {"uv": [10.688, 0, 15.655, 0.907], "rotation": 180, "texture": "#4"}
			}
		},
		{
			"from": [7.5, 0.25, 11.475],
			"to": [8.5, 0.25, 16.025],
			"rotation": {"angle": 0, "axis": "y", "origin": [8.025, 0.5, 8]},
			"faces": {
				"north": {"uv": [10.688, 0, 15.655, 0.907], "rotation": 90, "texture": "#4"},
				"east": {"uv": [10.688, 0, 15.655, 0.907], "rotation": 90, "texture": "#4"},
				"south": {"uv": [10.688, 0, 15.655, 0.907], "rotation": 90, "texture": "#4"},
				"west": {"uv": [10.688, 0, 15.655, 0.907], "rotation": 90, "texture": "#4"},
				"up": {"uv": [10.688, 0, 15.655, 0.907], "rotation": 270, "texture": "#5"},
				"down": {"uv": [10.688, 0, 15.655, 0.907], "rotation": 270, "texture": "#4"}
			}
		},
		{
			"from": [11.5, 0.25, 7.5],
			"to": [16.05, 0.25, 8.5],
			"rotation": {"angle": 0, "axis": "y", "origin": [8.025, 0.5, 8]},
			"faces": {
				"north": {"uv": [10.688, 0, 15.655, 0.907], "rotation": 90, "texture": "#4"},
				"east": {"uv": [10.688, 0, 15.655, 0.907], "rotation": 90, "texture": "#4"},
				"south": {"uv": [10.688, 0, 15.655, 0.907], "rotation": 90, "texture": "#4"},
				"west": {"uv": [10.688, 0, 15.655, 0.907], "rotation": 90, "texture": "#4"},
				"up": {"uv": [10.688, 0, 15.655, 0.907], "rotation": 180, "texture": "#5"},
				"down": {"uv": [10.688, 0, 15.655, 0.907], "texture": "#4"}
			}
		},
		{
			"from": [7.5, 0.15, -0.025],
			"to": [8.5, 0.15, 4.525],
			"rotation": {"angle": 0, "axis": "y", "origin": [8.025, 0.5, 8]},
			"faces": {
				"north": {"uv": [10.688, 0, 15.655, 0.907], "rotation": 90, "texture": "#4"},
				"east": {"uv": [10.688, 0, 15.655, 0.907], "rotation": 90, "texture": "#4"},
				"south": {"uv": [10.688, 0, 15.655, 0.907], "rotation": 90, "texture": "#4"},
				"west": {"uv": [10.688, 0, 15.655, 0.907], "rotation": 90, "texture": "#4"},
				"up": {"uv": [10.688, 0, 15.655, 0.907], "rotation": 90, "texture": "#5"},
				"down": {"uv": [10.688, 0, 15.655, 0.907], "rotation": 90, "texture": "#4"}
			}
		},
		{
			"from": [0, 0.15, 7.5],
			"to": [4.55, 0.15, 8.5],
			"rotation": {"angle": 0, "axis": "y", "origin": [8.025, 0.5, 8]},
			"faces": {
				"north": {"uv": [10.688, 0, 15.655, 0.907], "rotation": 90, "texture": "#4"},
				"east": {"uv": [10.688, 0, 15.655, 0.907], "rotation": 90, "texture": "#4"},
				"south": {"uv": [10.688, 0, 15.655, 0.907], "rotation": 90, "texture": "#4"},
				"west": {"uv": [10.688, 0, 15.655, 0.907], "rotation": 90, "texture": "#4"},
				"up": {"uv": [10.688, 0, 15.655, 0.907], "texture": "#5"},
				"down": {"uv": [10.688, 0, 15.655, 0.907], "rotation": 180, "texture": "#4"}
			}
		},
		{
			"from": [7.5, 0.15, 11.475],
			"to": [8.5, 0.15, 16.025],
			"rotation": {"angle": 0, "axis": "y", "origin": [8.025, 0.5, 8]},
			"faces": {
				"north": {"uv": [10.688, 0, 15.655, 0.907], "rotation": 90, "texture": "#4"},
				"east": {"uv": [10.688, 0, 15.655, 0.907], "rotation": 90, "texture": "#4"},
				"south": {"uv": [10.688, 0, 15.655, 0.907], "rotation": 90, "texture": "#4"},
				"west": {"uv": [10.688, 0, 15.655, 0.907], "rotation": 90, "texture": "#4"},
				"up": {"uv": [10.688, 0, 15.655, 0.907], "rotation": 270, "texture": "#5"},
				"down": {"uv": [10.688, 0, 15.655, 0.907], "rotation": 270, "texture": "#4"}
			}
		},
		{
			"from": [11.5, 0.15, 7.5],
			"to": [16.05, 0.15, 8.5],
			"rotation": {"angle": 0, "axis": "y", "origin": [8.025, 0.5, 8]},
			"faces": {
				"north": {"uv": [10.688, 0, 15.655, 0.907], "rotation": 90, "texture": "#4"},
				"east": {"uv": [10.688, 0, 15.655, 0.907], "rotation": 90, "texture": "#4"},
				"south": {"uv": [10.688, 0, 15.655, 0.907], "rotation": 90, "texture": "#4"},
				"west": {"uv": [10.688, 0, 15.655, 0.907], "rotation": 90, "texture": "#4"},
				"up": {"uv": [10.688, 0, 15.655, 0.907], "rotation": 180, "texture": "#5"},
				"down": {"uv": [10.688, 0, 15.655, 0.907], "texture": "#4"}
			}
		},
		{
			"from": [7.5, 0.05, -0.025],
			"to": [8.5, 0.05, 4.525],
			"rotation": {"angle": 0, "axis": "y", "origin": [8.025, 0.5, 8]},
			"faces": {
				"north": {"uv": [10.688, 0, 15.655, 0.907], "rotation": 90, "texture": "#4"},
				"east": {"uv": [10.688, 0, 15.655, 0.907], "rotation": 90, "texture": "#4"},
				"south": {"uv": [10.688, 0, 15.655, 0.907], "rotation": 90, "texture": "#4"},
				"west": {"uv": [10.688, 0, 15.655, 0.907], "rotation": 90, "texture": "#4"},
				"up": {"uv": [10.688, 0, 15.655, 0.907], "rotation": 90, "texture": "#5"},
				"down": {"uv": [10.688, 0, 15.655, 0.907], "rotation": 90, "texture": "#4"}
			}
		},
		{
			"from": [0, 0.05, 7.5],
			"to": [4.55, 0.05, 8.5],
			"rotation": {"angle": 0, "axis": "y", "origin": [8.025, 0.5, 8]},
			"faces": {
				"north": {"uv": [10.688, 0, 15.655, 0.907], "rotation": 90, "texture": "#4"},
				"east": {"uv": [10.688, 0, 15.655, 0.907], "rotation": 90, "texture": "#4"},
				"south": {"uv": [10.688, 0, 15.655, 0.907], "rotation": 90, "texture": "#4"},
				"west": {"uv": [10.688, 0, 15.655, 0.907], "rotation": 90, "texture": "#4"},
				"up": {"uv": [10.688, 0, 15.655, 0.907], "texture": "#5"},
				"down": {"uv": [10.688, 0, 15.655, 0.907], "rotation": 180, "texture": "#4"}
			}
		},
		{
			"from": [7.5, 0.05, 11.475],
			"to": [8.5, 0.05, 16.025],
			"rotation": {"angle": 0, "axis": "y", "origin": [8.025, 0.5, 8]},
			"faces": {
				"north": {"uv": [10.688, 0, 15.655, 0.907], "rotation": 90, "texture": "#4"},
				"east": {"uv": [10.688, 0, 15.655, 0.907], "rotation": 90, "texture": "#4"},
				"south": {"uv": [10.688, 0, 15.655, 0.907], "rotation": 90, "texture": "#4"},
				"west": {"uv": [10.688, 0, 15.655, 0.907], "rotation": 90, "texture": "#4"},
				"up": {"uv": [10.688, 0, 15.655, 0.907], "rotation": 270, "texture": "#5"},
				"down": {"uv": [10.688, 0, 15.655, 0.907], "rotation": 270, "texture": "#4"}
			}
		},
		{
			"from": [11.5, 0.05, 7.5],
			"to": [16.05, 0.05, 8.5],
			"rotation": {"angle": 0, "axis": "y", "origin": [8.025, 0.5, 8]},
			"faces": {
				"north": {"uv": [10.688, 0, 15.655, 0.907], "rotation": 90, "texture": "#4"},
				"east": {"uv": [10.688, 0, 15.655, 0.907], "rotation": 90, "texture": "#4"},
				"south": {"uv": [10.688, 0, 15.655, 0.907], "rotation": 90, "texture": "#4"},
				"west": {"uv": [10.688, 0, 15.655, 0.907], "rotation": 90, "texture": "#4"},
				"up": {"uv": [10.688, 0, 15.655, 0.907], "rotation": 180, "texture": "#5"},
				"down": {"uv": [10.688, 0, 15.655, 0.907], "texture": "#4"}
			}
		},
		{
			"from": [7.5, 0.75, -0.025],
			"to": [8.5, 0.75, 4.525],
			"rotation": {"angle": 0, "axis": "y", "origin": [8.025, 0.5, 8]},
			"faces": {
				"north": {"uv": [10.688, 0, 15.655, 0.907], "rotation": 90, "texture": "#4"},
				"east": {"uv": [10.688, 0, 15.655, 0.907], "rotation": 90, "texture": "#4"},
				"south": {"uv": [10.688, 0, 15.655, 0.907], "rotation": 90, "texture": "#4"},
				"west": {"uv": [10.688, 0, 15.655, 0.907], "rotation": 90, "texture": "#4"},
				"up": {"uv": [10.688, 0, 15.655, 0.907], "rotation": 90, "texture": "#5"},
				"down": {"uv": [10.688, 0, 15.655, 0.907], "rotation": 90, "texture": "#4"}
			}
		},
		{
			"from": [0, 0.75, 7.5],
			"to": [4.55, 0.75, 8.5],
			"rotation": {"angle": 0, "axis": "y", "origin": [8.025, 0.5, 8]},
			"faces": {
				"north": {"uv": [10.688, 0, 15.655, 0.907], "rotation": 90, "texture": "#4"},
				"east": {"uv": [10.688, 0, 15.655, 0.907], "rotation": 90, "texture": "#4"},
				"south": {"uv": [10.688, 0, 15.655, 0.907], "rotation": 90, "texture": "#4"},
				"west": {"uv": [10.688, 0, 15.655, 0.907], "rotation": 90, "texture": "#4"},
				"up": {"uv": [10.688, 0, 15.655, 0.907], "texture": "#5"},
				"down": {"uv": [10.688, 0, 15.655, 0.907], "rotation": 180, "texture": "#4"}
			}
		},
		{
			"from": [7.5, 0.75, 11.475],
			"to": [8.5, 0.75, 16.025],
			"rotation": {"angle": 0, "axis": "y", "origin": [8.025, 0.5, 8]},
			"faces": {
				"north": {"uv": [10.688, 0, 15.655, 0.907], "rotation": 90, "texture": "#4"},
				"east": {"uv": [10.688, 0, 15.655, 0.907], "rotation": 90, "texture": "#4"},
				"south": {"uv": [10.688, 0, 15.655, 0.907], "rotation": 90, "texture": "#4"},
				"west": {"uv": [10.688, 0, 15.655, 0.907], "rotation": 90, "texture": "#4"},
				"up": {"uv": [10.688, 0, 15.655, 0.907], "rotation": 270, "texture": "#5"},
				"down": {"uv": [10.688, 0, 15.655, 0.907], "rotation": 270, "texture": "#4"}
			}
		},
		{
			"from": [11.5, 0.75, 7.5],
			"to": [16.05, 0.75, 8.5],
			"rotation": {"angle": 0, "axis": "y", "origin": [8.025, 0.5, 8]},
			"faces": {
				"north": {"uv": [10.688, 0, 15.655, 0.907], "rotation": 90, "texture": "#4"},
				"east": {"uv": [10.688, 0, 15.655, 0.907], "rotation": 90, "texture": "#4"},
				"south": {"uv": [10.688, 0, 15.655, 0.907], "rotation": 90, "texture": "#4"},
				"west": {"uv": [10.688, 0, 15.655, 0.907], "rotation": 90, "texture": "#4"},
				"up": {"uv": [10.688, 0, 15.655, 0.907], "rotation": 180, "texture": "#5"},
				"down": {"uv": [10.688, 0, 15.655, 0.907], "texture": "#4"}
			}
		},
		{
			"from": [7.5, 0.85, -0.025],
			"to": [8.5, 0.85, 4.525],
			"rotation": {"angle": 0, "axis": "y", "origin": [8.025, 0.5, 8]},
			"faces": {
				"north": {"uv": [10.688, 0, 15.655, 0.907], "rotation": 90, "texture": "#4"},
				"east": {"uv": [10.688, 0, 15.655, 0.907], "rotation": 90, "texture": "#4"},
				"south": {"uv": [10.688, 0, 15.655, 0.907], "rotation": 90, "texture": "#4"},
				"west": {"uv": [10.688, 0, 15.655, 0.907], "rotation": 90, "texture": "#4"},
				"up": {"uv": [10.688, 0, 15.655, 0.907], "rotation": 90, "texture": "#5"},
				"down": {"uv": [10.688, 0, 15.655, 0.907], "rotation": 90, "texture": "#4"}
			}
		},
		{
			"from": [0, 0.85, 7.5],
			"to": [4.55, 0.85, 8.5],
			"rotation": {"angle": 0, "axis": "y", "origin": [8.025, 0.5, 8]},
			"faces": {
				"north": {"uv": [10.688, 0, 15.655, 0.907], "rotation": 90, "texture": "#4"},
				"east": {"uv": [10.688, 0, 15.655, 0.907], "rotation": 90, "texture": "#4"},
				"south": {"uv": [10.688, 0, 15.655, 0.907], "rotation": 90, "texture": "#4"},
				"west": {"uv": [10.688, 0, 15.655, 0.907], "rotation": 90, "texture": "#4"},
				"up": {"uv": [10.688, 0, 15.655, 0.907], "texture": "#5"},
				"down": {"uv": [10.688, 0, 15.655, 0.907], "rotation": 180, "texture": "#4"}
			}
		},
		{
			"from": [7.5, 0.85, 11.475],
			"to": [8.5, 0.85, 16.025],
			"rotation": {"angle": 0, "axis": "y", "origin": [8.025, 0.5, 8]},
			"faces": {
				"north": {"uv": [10.688, 0, 15.655, 0.907], "rotation": 90, "texture": "#4"},
				"east": {"uv": [10.688, 0, 15.655, 0.907], "rotation": 90, "texture": "#4"},
				"south": {"uv": [10.688, 0, 15.655, 0.907], "rotation": 90, "texture": "#4"},
				"west": {"uv": [10.688, 0, 15.655, 0.907], "rotation": 90, "texture": "#4"},
				"up": {"uv": [10.688, 0, 15.655, 0.907], "rotation": 270, "texture": "#5"},
				"down": {"uv": [10.688, 0, 15.655, 0.907], "rotation": 270, "texture": "#4"}
			}
		},
		{
			"from": [11.5, 0.85, 7.5],
			"to": [16.05, 0.85, 8.5],
			"rotation": {"angle": 0, "axis": "y", "origin": [8.025, 0.5, 8]},
			"faces": {
				"north": {"uv": [10.688, 0, 15.655, 0.907], "rotation": 90, "texture": "#4"},
				"east": {"uv": [10.688, 0, 15.655, 0.907], "rotation": 90, "texture": "#4"},
				"south": {"uv": [10.688, 0, 15.655, 0.907], "rotation": 90, "texture": "#4"},
				"west": {"uv": [10.688, 0, 15.655, 0.907], "rotation": 90, "texture": "#4"},
				"up": {"uv": [10.688, 0, 15.655, 0.907], "rotation": 180, "texture": "#5"},
				"down": {"uv": [10.688, 0, 15.655, 0.907], "texture": "#4"}
			}
		},
		{
			"from": [7.5, 0.95, -0.025],
			"to": [8.5, 0.95, 4.525],
			"rotation": {"angle": 0, "axis": "y", "origin": [8.025, 0.5, 8]},
			"faces": {
				"north": {"uv": [6.758, 0, 16, 0.907], "texture": "#missing"},
				"east": {"uv": [6.758, 0, 16, 0.907], "texture": "#missing"},
				"south": {"uv": [6.758, 0, 16, 0.907], "texture": "#missing"},
				"west": {"uv": [6.758, 0, 16, 0.907], "texture": "#missing"},
				"up": {"uv": [10.688, 0, 15.655, 0.907], "rotation": 90, "texture": "#2", "tintindex": 0},
				"down": {"uv": [6.758, 0, 16, 0.907], "rotation": 270, "texture": "#2", "tintindex": 0}
			}
		},
		{
			"from": [0, 0.95, 7.5],
			"to": [4.55, 0.95, 8.5],
			"rotation": {"angle": 0, "axis": "y", "origin": [8.025, 0.5, 8]},
			"faces": {
				"north": {"uv": [6.758, 0, 16, 0.907], "texture": "#missing"},
				"east": {"uv": [6.758, 0, 16, 0.907], "texture": "#missing"},
				"south": {"uv": [6.758, 0, 16, 0.907], "texture": "#missing"},
				"west": {"uv": [6.758, 0, 16, 0.907], "texture": "#missing"},
				"up": {"uv": [10.688, 0, 15.655, 0.907], "texture": "#2", "tintindex": 0},
				"down": {"uv": [6.758, 0, 16, 0.907], "texture": "#2", "tintindex": 0}
			}
		},
		{
			"from": [7.5, 0.95, 11.475],
			"to": [8.5, 0.95, 16.025],
			"rotation": {"angle": 0, "axis": "y", "origin": [8.025, 0.5, 8]},
			"faces": {
				"north": {"uv": [6.758, 0, 16, 0.907], "texture": "#missing"},
				"east": {"uv": [6.758, 0, 16, 0.907], "texture": "#missing"},
				"south": {"uv": [6.758, 0, 16, 0.907], "texture": "#missing"},
				"west": {"uv": [6.758, 0, 16, 0.907], "texture": "#missing"},
				"up": {"uv": [10.688, 0, 15.655, 0.907], "rotation": 270, "texture": "#2", "tintindex": 0},
				"down": {"uv": [6.758, 0, 16, 0.907], "rotation": 90, "texture": "#2", "tintindex": 0}
			}
		},
		{
			"from": [11.5, 0.95, 7.5],
			"to": [16.05, 0.95, 8.5],
			"rotation": {"angle": 0, "axis": "y", "origin": [8.025, 0.5, 8]},
			"faces": {
				"north": {"uv": [6.758, 0, 16, 0.907], "texture": "#missing"},
				"east": {"uv": [6.758, 0, 16, 0.907], "texture": "#missing"},
				"south": {"uv": [6.758, 0, 16, 0.907], "texture": "#missing"},
				"west": {"uv": [6.758, 0, 16, 0.907], "texture": "#missing"},
				"up": {"uv": [10.688, 0, 15.655, 0.907], "rotation": 180, "texture": "#2", "tintindex": 0},
				"down": {"uv": [6.758, 0, 16, 0.907], "rotation": 180, "texture": "#2", "tintindex": 0}
			}
		},
		{
			"from": [5.2, 1.6, 5.1],
			"to": [10.9, 1.6, 10.9],
			"rotation": {"angle": 0, "axis": "y", "origin": [5.7, 0, 5.5]},
			"faces": {
				"north": {"uv": [2.86, 2.845, 13.359, 13.126], "rotation": 90, "texture": "#missing"},
				"east": {"uv": [2.86, 2.845, 13.359, 13.126], "rotation": 90, "texture": "#missing"},
				"south": {"uv": [2.86, 2.845, 13.359, 13.126], "rotation": 90, "texture": "#missing"},
				"west": {"uv": [2.86, 2.845, 13.359, 13.126], "rotation": 90, "texture": "#missing"},
				"up": {"uv": [2.86, 2.845, 13.359, 13.126], "rotation": 90, "texture": "#3"},
				"down": {"uv": [2.86, 2.845, 13.359, 13.126], "rotation": 90, "texture": "#3"}
			}
		},
		{
			"from": [5.2, 1.3, 5.1],
			"to": [10.9, 1.3, 10.9],
			"rotation": {"angle": 0, "axis": "y", "origin": [5.7, 0, 5.5]},
			"faces": {
				"north": {"uv": [2.86, 2.845, 13.359, 13.126], "rotation": 90, "texture": "#missing"},
				"east": {"uv": [2.86, 2.845, 13.359, 13.126], "rotation": 90, "texture": "#missing"},
				"south": {"uv": [2.86, 2.845, 13.359, 13.126], "rotation": 90, "texture": "#missing"},
				"west": {"uv": [2.86, 2.845, 13.359, 13.126], "rotation": 90, "texture": "#missing"},
				"up": {"uv": [2.86, 2.845, 13.359, 13.126], "rotation": 90, "texture": "#3"},
				"down": {"uv": [2.86, 2.845, 13.359, 13.126], "rotation": 90, "texture": "#3"}
			}
		},
		{
			"from": [5.2, 1.2, 5.1],
			"to": [10.9, 1.2, 10.9],
			"rotation": {"angle": 0, "axis": "y", "origin": [5.7, 0, 5.5]},
			"faces": {
				"north": {"uv": [2.86, 2.845, 13.359, 13.126], "rotation": 90, "texture": "#missing"},
				"east": {"uv": [2.86, 2.845, 13.359, 13.126], "rotation": 90, "texture": "#missing"},
				"south": {"uv": [2.86, 2.845, 13.359, 13.126], "rotation": 90, "texture": "#missing"},
				"west": {"uv": [2.86, 2.845, 13.359, 13.126], "rotation": 90, "texture": "#missing"},
				"up": {"uv": [2.86, 2.845, 13.359, 13.126], "rotation": 90, "texture": "#3"},
				"down": {"uv": [2.86, 2.845, 13.359, 13.126], "rotation": 90, "texture": "#3"}
			}
		},
		{
			"from": [5.2, 1.1, 5.1],
			"to": [10.9, 1.1, 10.9],
			"rotation": {"angle": 0, "axis": "y", "origin": [5.7, 0, 5.5]},
			"faces": {
				"north": {"uv": [2.86, 2.845, 13.359, 13.126], "rotation": 90, "texture": "#missing"},
				"east": {"uv": [2.86, 2.845, 13.359, 13.126], "rotation": 90, "texture": "#missing"},
				"south": {"uv": [2.86, 2.845, 13.359, 13.126], "rotation": 90, "texture": "#missing"},
				"west": {"uv": [2.86, 2.845, 13.359, 13.126], "rotation": 90, "texture": "#missing"},
				"up": {"uv": [2.86, 2.845, 13.359, 13.126], "rotation": 90, "texture": "#3"},
				"down": {"uv": [2.86, 2.845, 13.359, 13.126], "rotation": 90, "texture": "#3"}
			}
		},
		{
			"from": [5.2, 1, 5.1],
			"to": [10.9, 1, 10.9],
			"rotation": {"angle": 0, "axis": "y", "origin": [5.7, 0, 5.5]},
			"faces": {
				"north": {"uv": [2.86, 2.845, 13.359, 13.126], "rotation": 90, "texture": "#missing"},
				"east": {"uv": [2.86, 2.845, 13.359, 13.126], "rotation": 90, "texture": "#missing"},
				"south": {"uv": [2.86, 2.845, 13.359, 13.126], "rotation": 90, "texture": "#missing"},
				"west": {"uv": [2.86, 2.845, 13.359, 13.126], "rotation": 90, "texture": "#missing"},
				"up": {"uv": [2.86, 2.845, 13.359, 13.126], "rotation": 90, "texture": "#3"},
				"down": {"uv": [2.86, 2.845, 13.359, 13.126], "rotation": 90, "texture": "#3"}
			}
		},
		{
			"from": [5.2, 0.9, 5.1],
			"to": [10.9, 0.9, 10.9],
			"rotation": {"angle": 0, "axis": "y", "origin": [5.7, 0, 5.5]},
			"faces": {
				"north": {"uv": [2.86, 2.845, 13.359, 13.126], "rotation": 90, "texture": "#missing"},
				"east": {"uv": [2.86, 2.845, 13.359, 13.126], "rotation": 90, "texture": "#missing"},
				"south": {"uv": [2.86, 2.845, 13.359, 13.126], "rotation": 90, "texture": "#missing"},
				"west": {"uv": [2.86, 2.845, 13.359, 13.126], "rotation": 90, "texture": "#missing"},
				"up": {"uv": [2.86, 2.845, 13.359, 13.126], "rotation": 90, "texture": "#3"},
				"down": {"uv": [2.86, 2.845, 13.359, 13.126], "rotation": 90, "texture": "#3"}
			}
		},
		{
			"from": [5.2, 0.8, 5.1],
			"to": [10.9, 0.8, 10.9],
			"rotation": {"angle": 0, "axis": "y", "origin": [5.7, 0, 5.5]},
			"faces": {
				"north": {"uv": [2.86, 2.845, 13.359, 13.126], "rotation": 90, "texture": "#missing"},
				"east": {"uv": [2.86, 2.845, 13.359, 13.126], "rotation": 90, "texture": "#missing"},
				"south": {"uv": [2.86, 2.845, 13.359, 13.126], "rotation": 90, "texture": "#missing"},
				"west": {"uv": [2.86, 2.845, 13.359, 13.126], "rotation": 90, "texture": "#missing"},
				"up": {"uv": [2.86, 2.845, 13.359, 13.126], "rotation": 90, "texture": "#3"},
				"down": {"uv": [2.86, 2.845, 13.359, 13.126], "rotation": 90, "texture": "#3"}
			}
		},
		{
			"from": [5.2, 0.7, 5.1],
			"to": [10.9, 0.7, 10.9],
			"rotation": {"angle": 0, "axis": "y", "origin": [5.7, 0, 5.5]},
			"faces": {
				"north": {"uv": [2.86, 2.845, 13.359, 13.126], "rotation": 90, "texture": "#missing"},
				"east": {"uv": [2.86, 2.845, 13.359, 13.126], "rotation": 90, "texture": "#missing"},
				"south": {"uv": [2.86, 2.845, 13.359, 13.126], "rotation": 90, "texture": "#missing"},
				"west": {"uv": [2.86, 2.845, 13.359, 13.126], "rotation": 90, "texture": "#missing"},
				"up": {"uv": [2.86, 2.845, 13.359, 13.126], "rotation": 90, "texture": "#3"},
				"down": {"uv": [2.86, 2.845, 13.359, 13.126], "rotation": 90, "texture": "#3"}
			}
		},
		{
			"from": [5.2, 0.6, 5.1],
			"to": [10.9, 0.6, 10.9],
			"rotation": {"angle": 0, "axis": "y", "origin": [5.7, 0, 5.5]},
			"faces": {
				"north": {"uv": [2.86, 2.845, 13.359, 13.126], "rotation": 90, "texture": "#missing"},
				"east": {"uv": [2.86, 2.845, 13.359, 13.126], "rotation": 90, "texture": "#missing"},
				"south": {"uv": [2.86, 2.845, 13.359, 13.126], "rotation": 90, "texture": "#missing"},
				"west": {"uv": [2.86, 2.845, 13.359, 13.126], "rotation": 90, "texture": "#missing"},
				"up": {"uv": [2.86, 2.845, 13.359, 13.126], "rotation": 90, "texture": "#3"},
				"down": {"uv": [2.86, 2.845, 13.359, 13.126], "rotation": 90, "texture": "#3"}
			}
		},
		{
			"from": [5.2, 0.5, 5.1],
			"to": [10.9, 0.5, 10.9],
			"rotation": {"angle": 0, "axis": "y", "origin": [5.7, 0, 5.5]},
			"faces": {
				"north": {"uv": [2.86, 2.845, 13.359, 13.126], "rotation": 90, "texture": "#missing"},
				"east": {"uv": [2.86, 2.845, 13.359, 13.126], "rotation": 90, "texture": "#missing"},
				"south": {"uv": [2.86, 2.845, 13.359, 13.126], "rotation": 90, "texture": "#missing"},
				"west": {"uv": [2.86, 2.845, 13.359, 13.126], "rotation": 90, "texture": "#missing"},
				"up": {"uv": [2.86, 2.845, 13.359, 13.126], "rotation": 90, "texture": "#3"},
				"down": {"uv": [2.86, 2.845, 13.359, 13.126], "rotation": 90, "texture": "#3"}
			}
		},
		{
			"from": [5.2, 0.4, 5.1],
			"to": [10.9, 0.4, 10.9],
			"rotation": {"angle": 0, "axis": "y", "origin": [5.7, 0, 5.5]},
			"faces": {
				"north": {"uv": [2.86, 2.845, 13.359, 13.126], "rotation": 90, "texture": "#missing"},
				"east": {"uv": [2.86, 2.845, 13.359, 13.126], "rotation": 90, "texture": "#missing"},
				"south": {"uv": [2.86, 2.845, 13.359, 13.126], "rotation": 90, "texture": "#missing"},
				"west": {"uv": [2.86, 2.845, 13.359, 13.126], "rotation": 90, "texture": "#missing"},
				"up": {"uv": [2.86, 2.845, 13.359, 13.126], "rotation": 90, "texture": "#3"},
				"down": {"uv": [2.86, 2.845, 13.359, 13.126], "rotation": 90, "texture": "#3"}
			}
		},
		{
			"from": [5.2, 0.3, 5.1],
			"to": [10.9, 0.3, 10.9],
			"rotation": {"angle": 0, "axis": "y", "origin": [5.7, 0, 5.5]},
			"faces": {
				"north": {"uv": [2.86, 2.845, 13.359, 13.126], "rotation": 90, "texture": "#missing"},
				"east": {"uv": [2.86, 2.845, 13.359, 13.126], "rotation": 90, "texture": "#missing"},
				"south": {"uv": [2.86, 2.845, 13.359, 13.126], "rotation": 90, "texture": "#missing"},
				"west": {"uv": [2.86, 2.845, 13.359, 13.126], "rotation": 90, "texture": "#missing"},
				"up": {"uv": [2.86, 2.845, 13.359, 13.126], "rotation": 90, "texture": "#3"},
				"down": {"uv": [2.86, 2.845, 13.359, 13.126], "rotation": 90, "texture": "#3"}
			}
		},
		{
			"from": [5.2, 0.2, 5.1],
			"to": [10.9, 0.2, 10.9],
			"rotation": {"angle": 0, "axis": "y", "origin": [5.7, 0, 5.5]},
			"faces": {
				"north": {"uv": [2.86, 2.845, 13.359, 13.126], "rotation": 90, "texture": "#missing"},
				"east": {"uv": [2.86, 2.845, 13.359, 13.126], "rotation": 90, "texture": "#missing"},
				"south": {"uv": [2.86, 2.845, 13.359, 13.126], "rotation": 90, "texture": "#missing"},
				"west": {"uv": [2.86, 2.845, 13.359, 13.126], "rotation": 90, "texture": "#missing"},
				"up": {"uv": [2.86, 2.845, 13.359, 13.126], "rotation": 90, "texture": "#3"},
				"down": {"uv": [2.86, 2.845, 13.359, 13.126], "rotation": 90, "texture": "#3"}
			}
		},
		{
			"from": [5.2, 0.1, 5.1],
			"to": [10.9, 0.1, 10.9],
			"rotation": {"angle": 0, "axis": "y", "origin": [5.7, 0, 5.5]},
			"faces": {
				"north": {"uv": [2.86, 2.845, 13.359, 13.126], "rotation": 90, "texture": "#missing"},
				"east": {"uv": [2.86, 2.845, 13.359, 13.126], "rotation": 90, "texture": "#missing"},
				"south": {"uv": [2.86, 2.845, 13.359, 13.126], "rotation": 90, "texture": "#missing"},
				"west": {"uv": [2.86, 2.845, 13.359, 13.126], "rotation": 90, "texture": "#missing"},
				"up": {"uv": [2.86, 2.845, 13.359, 13.126], "rotation": 90, "texture": "#3"},
				"down": {"uv": [2.86, 2.845, 13.359, 13.126], "rotation": 90, "texture": "#3"}
			}
		},
		{
			"from": [5.2, 1.4, 5.1],
			"to": [10.9, 1.4, 10.9],
			"rotation": {"angle": 0, "axis": "y", "origin": [5.7, 0, 5.5]},
			"faces": {
				"north": {"uv": [2.86, 2.845, 13.359, 13.126], "rotation": 90, "texture": "#missing"},
				"east": {"uv": [2.86, 2.845, 13.359, 13.126], "rotation": 90, "texture": "#missing"},
				"south": {"uv": [2.86, 2.845, 13.359, 13.126], "rotation": 90, "texture": "#missing"},
				"west": {"uv": [2.86, 2.845, 13.359, 13.126], "rotation": 90, "texture": "#missing"},
				"up": {"uv": [2.86, 2.845, 13.359, 13.126], "rotation": 90, "texture": "#3"},
				"down": {"uv": [2.86, 2.845, 13.359, 13.126], "rotation": 90, "texture": "#3"}
			}
		},
		{
			"from": [5.2, 1.5, 5.1],
			"to": [10.9, 1.5, 10.9],
			"rotation": {"angle": 0, "axis": "y", "origin": [5.7, 0, 5.5]},
			"faces": {
				"north": {"uv": [2.86, 2.845, 13.359, 13.126], "rotation": 90, "texture": "#missing"},
				"east": {"uv": [2.86, 2.845, 13.359, 13.126], "rotation": 90, "texture": "#missing"},
				"south": {"uv": [2.86, 2.845, 13.359, 13.126], "rotation": 90, "texture": "#missing"},
				"west": {"uv": [2.86, 2.845, 13.359, 13.126], "rotation": 90, "texture": "#missing"},
				"up": {"uv": [2.86, 2.845, 13.359, 13.126], "rotation": 90, "texture": "#3"},
				"down": {"uv": [2.86, 2.845, 13.359, 13.126], "rotation": 90, "texture": "#3"}
			}
		},
		{
			"from": [7.15, -0.1, 4.7],
			"to": [8.85, 1.1, 11.2],
			"rotation": {"angle": 0, "axis": "y", "origin": [5.7, 0, 5.5]},
			"faces": {
				"north": {"uv": [0, 1, 1, 2], "texture": "#4"},
				"east": {"uv": [0, 1, 1, 2], "texture": "#4"},
				"south": {"uv": [0, 1, 1, 2], "texture": "#4"},
				"west": {"uv": [0, 1, 1, 2], "texture": "#4"},
				"up": {"uv": [0, 1, 1, 2], "texture": "#4"},
				"down": {"uv": [0, 1, 1, 2], "texture": "#4"}
			}
		},
		{
			"from": [7.35, -0.1, 4.4],
			"to": [8.65, 1, 11.5],
			"rotation": {"angle": 0, "axis": "y", "origin": [5.7, 0, 5.5]},
			"faces": {
				"north": {"uv": [0, 1, 1, 2], "texture": "#4"},
				"east": {"uv": [0, 1, 1, 2], "texture": "#4"},
				"south": {"uv": [0, 1, 1, 2], "texture": "#4"},
				"west": {"uv": [0, 1, 1, 2], "texture": "#4"},
				"up": {"uv": [0, 1, 1, 2], "texture": "#4"},
				"down": {"uv": [0, 1, 1, 2], "texture": "#4"}
			}
		},
		{
			"from": [4.9, -0.1, 7.15],
			"to": [11.2, 1.1, 8.85],
			"rotation": {"angle": 0, "axis": "y", "origin": [8, 0.55, 8]},
			"faces": {
				"north": {"uv": [0, 0, 16, 16], "texture": "#4"},
				"east": {"uv": [0, 0, 16, 16], "texture": "#4"},
				"south": {"uv": [0, 0, 16, 16], "texture": "#4"},
				"west": {"uv": [0, 0, 16, 16], "texture": "#4"},
				"up": {"uv": [0, 0, 16, 16], "texture": "#4"},
				"down": {"uv": [0, 0, 16, 16], "texture": "#4"}
			}
		},
		{
			"from": [4.5, -0.1, 7.35],
			"to": [11.6, 1, 8.65],
			"rotation": {"angle": 0, "axis": "y", "origin": [8, 0.55, 8]},
			"faces": {
				"north": {"uv": [0, 1, 1, 2], "texture": "#4"},
				"east": {"uv": [0, 1, 1, 2], "texture": "#4"},
				"south": {"uv": [0, 1, 1, 2], "texture": "#4"},
				"west": {"uv": [0, 1, 1, 2], "texture": "#4"},
				"up": {"uv": [0, 1, 1, 2], "texture": "#4"},
				"down": {"uv": [0, 1, 1, 2], "texture": "#4"}
			}
		}
	],
	"groups": [
		{
			"name": "wire_center_2",
			"origin": [8, 8, 8],
			"children": [0, 1, 2, 3, 4, 5, 6, 7, 8, 9, 10, 11, 12, 13, 14, 15, 16, 17, 18, 19, 20, 21, 22, 23, 24, 25, 26, 27, 28, 29, 30, 31, 32, 33, 34, 35, 36, 37, 38, 39, 40, 41, 42, 43, 44, 45, 46, 47, 48, 49, 50, 51, 52, 53, 54, 55, 56, 57, 58, 59]
		}
	]
}