{
	"credit": "Made with Blockbench",
	"textures": {
		"2": "block/cmodels/wire_on",
		"3": "block/cmodels/wire_black",
		"4": "block/cmodels/t_connector_panel",
		"5": "block/cmodels/15",
		"particle": "block/cmodels/wire_black",
		"2_1": "block/cmodels/wire_off"
	},
	"elements": [
		{
			"from": [7.5, 0.65, -0.025],
			"to": [8.5, 0.65, 4.525],
			"rotation": {"angle": 0, "axis": "y", "origin": [8.025, 0.5, 8]},
			"faces": {
				"north": {"uv": [10.688, 0, 15.655, 0.907], "rotation": 90, "texture": "#2_1"},
				"east": {"uv": [10.688, 0, 15.655, 0.907], "rotation": 90, "texture": "#2_1"},
				"south": {"uv": [10.688, 0, 15.655, 0.907], "rotation": 90, "texture": "#2_1"},
				"west": {"uv": [10.688, 0, 15.655, 0.907], "rotation": 90, "texture": "#2_1"},
				"up": {"uv": [10.688, 0, 15.655, 0.907], "rotation": 90, "texture": "#2_1"},
				"down": {"uv": [10.688, 0, 15.655, 0.907], "rotation": 90, "texture": "#2_1"}
			}
		},
		{
			"from": [0, 0.65, 7.5],
			"to": [4.55, 0.65, 8.5],
			"rotation": {"angle": 0, "axis": "y", "origin": [8.025, 0.5, 8]},
			"faces": {
				"north": {"uv": [10.688, 0, 15.655, 0.907], "rotation": 90, "texture": "#2_1"},
				"east": {"uv": [10.688, 0, 15.655, 0.907], "rotation": 90, "texture": "#2_1"},
				"south": {"uv": [10.688, 0, 15.655, 0.907], "rotation": 90, "texture": "#2_1"},
				"west": {"uv": [10.688, 0, 15.655, 0.907], "rotation": 90, "texture": "#2_1"},
				"up": {"uv": [10.688, 0, 15.655, 0.907], "texture": "#2_1"},
				"down": {"uv": [10.688, 0, 15.655, 0.907], "rotation": 180, "texture": "#2_1"}
			}
		},
		{
			"from": [11.5, 0.65, 7.5],
			"to": [16.05, 0.65, 8.5],
			"rotation": {"angle": 0, "axis": "y", "origin": [8.025, 0.5, 8]},
			"faces": {
				"north": {"uv": [10.688, 0, 15.655, 0.907], "rotation": 90, "texture": "#2_1"},
				"east": {"uv": [10.688, 0, 15.655, 0.907], "rotation": 90, "texture": "#2_1"},
				"south": {"uv": [10.688, 0, 15.655, 0.907], "rotation": 90, "texture": "#2_1"},
				"west": {"uv": [10.688, 0, 15.655, 0.907], "rotation": 90, "texture": "#2_1"},
				"up": {"uv": [10.688, 0, 15.655, 0.907], "rotation": 180, "texture": "#2_1"},
				"down": {"uv": [10.688, 0, 15.655, 0.907], "texture": "#2_1"}
			}
		},
		{
			"from": [7.5, 0.55, -0.025],
			"to": [8.5, 0.55, 4.525],
			"rotation": {"angle": 0, "axis": "y", "origin": [8.025, 0.5, 8]},
			"faces": {
				"north": {"uv": [10.688, 0, 15.655, 0.907], "rotation": 90, "texture": "#2_1"},
				"east": {"uv": [10.688, 0, 15.655, 0.907], "rotation": 90, "texture": "#2_1"},
				"south": {"uv": [10.688, 0, 15.655, 0.907], "rotation": 90, "texture": "#2_1"},
				"west": {"uv": [10.688, 0, 15.655, 0.907], "rotation": 90, "texture": "#2_1"},
				"up": {"uv": [10.688, 0, 15.655, 0.907], "rotation": 90, "texture": "#2_1"},
				"down": {"uv": [10.688, 0, 15.655, 0.907], "rotation": 90, "texture": "#2_1"}
			}
		},
		{
			"from": [0, 0.55, 7.5],
			"to": [4.55, 0.55, 8.5],
			"rotation": {"angle": 0, "axis": "y", "origin": [8.025, 0.5, 8]},
			"faces": {
				"north": {"uv": [10.688, 0, 15.655, 0.907], "rotation": 90, "texture": "#2_1"},
				"east": {"uv": [10.688, 0, 15.655, 0.907], "rotation": 90, "texture": "#2_1"},
				"south": {"uv": [10.688, 0, 15.655, 0.907], "rotation": 90, "texture": "#2_1"},
				"west": {"uv": [10.688, 0, 15.655, 0.907], "rotation": 90, "texture": "#2_1"},
				"up": {"uv": [10.688, 0, 15.655, 0.907], "texture": "#2_1"},
				"down": {"uv": [10.688, 0, 15.655, 0.907], "rotation": 180, "texture": "#2_1"}
			}
		},
		{
			"from": [11.5, 0.55, 7.5],
			"to": [16.05, 0.55, 8.5],
			"rotation": {"angle": 0, "axis": "y", "origin": [8.025, 0.5, 8]},
			"faces": {
				"north": {"uv": [10.688, 0, 15.655, 0.907], "rotation": 90, "texture": "#2_1"},
				"east": {"uv": [10.688, 0, 15.655, 0.907], "rotation": 90, "texture": "#2_1"},
				"south": {"uv": [10.688, 0, 15.655, 0.907], "rotation": 90, "texture": "#2_1"},
				"west": {"uv": [10.688, 0, 15.655, 0.907], "rotation": 90, "texture": "#2_1"},
				"up": {"uv": [10.688, 0, 15.655, 0.907], "rotation": 180, "texture": "#2_1"},
				"down": {"uv": [10.688, 0, 15.655, 0.907], "texture": "#2_1"}
			}
		},
		{
			"from": [7.5, 0.45, -0.025],
			"to": [8.5, 0.45, 4.525],
			"rotation": {"angle": 0, "axis": "y", "origin": [8.025, 0.5, 8]},
			"faces": {
				"north": {"uv": [10.688, 0, 15.655, 0.907], "rotation": 90, "texture": "#2_1"},
				"east": {"uv": [10.688, 0, 15.655, 0.907], "rotation": 90, "texture": "#2_1"},
				"south": {"uv": [10.688, 0, 15.655, 0.907], "rotation": 90, "texture": "#2_1"},
				"west": {"uv": [10.688, 0, 15.655, 0.907], "rotation": 90, "texture": "#2_1"},
				"up": {"uv": [10.688, 0, 15.655, 0.907], "rotation": 90, "texture": "#2_1"},
				"down": {"uv": [10.688, 0, 15.655, 0.907], "rotation": 90, "texture": "#2_1"}
			}
		},
		{
			"from": [0, 0.45, 7.5],
			"to": [4.55, 0.45, 8.5],
			"rotation": {"angle": 0, "axis": "y", "origin": [8.025, 0.5, 8]},
			"faces": {
				"north": {"uv": [10.688, 0, 15.655, 0.907], "rotation": 90, "texture": "#2_1"},
				"east": {"uv": [10.688, 0, 15.655, 0.907], "rotation": 90, "texture": "#2_1"},
				"south": {"uv": [10.688, 0, 15.655, 0.907], "rotation": 90, "texture": "#2_1"},
				"west": {"uv": [10.688, 0, 15.655, 0.907], "rotation": 90, "texture": "#2_1"},
				"up": {"uv": [10.688, 0, 15.655, 0.907], "texture": "#2_1"},
				"down": {"uv": [10.688, 0, 15.655, 0.907], "rotation": 180, "texture": "#2_1"}
			}
		},
		{
			"from": [11.5, 0.45, 7.5],
			"to": [16.05, 0.45, 8.5],
			"rotation": {"angle": 0, "axis": "y", "origin": [8.025, 0.5, 8]},
			"faces": {
				"north": {"uv": [10.688, 0, 15.655, 0.907], "rotation": 90, "texture": "#2_1"},
				"east": {"uv": [10.688, 0, 15.655, 0.907], "rotation": 90, "texture": "#2_1"},
				"south": {"uv": [10.688, 0, 15.655, 0.907], "rotation": 90, "texture": "#2_1"},
				"west": {"uv": [10.688, 0, 15.655, 0.907], "rotation": 90, "texture": "#2_1"},
				"up": {"uv": [10.688, 0, 15.655, 0.907], "rotation": 180, "texture": "#2_1"},
				"down": {"uv": [10.688, 0, 15.655, 0.907], "texture": "#2_1"}
			}
		},
		{
			"from": [7.5, 0.35, -0.025],
			"to": [8.5, 0.35, 4.525],
			"rotation": {"angle": 0, "axis": "y", "origin": [8.025, 0.5, 8]},
			"faces": {
				"north": {"uv": [10.688, 0, 15.655, 0.907], "rotation": 90, "texture": "#2_1"},
				"east": {"uv": [10.688, 0, 15.655, 0.907], "rotation": 90, "texture": "#2_1"},
				"south": {"uv": [10.688, 0, 15.655, 0.907], "rotation": 90, "texture": "#2_1"},
				"west": {"uv": [10.688, 0, 15.655, 0.907], "rotation": 90, "texture": "#2_1"},
				"up": {"uv": [10.688, 0, 15.655, 0.907], "rotation": 90, "texture": "#2_1"},
				"down": {"uv": [10.688, 0, 15.655, 0.907], "rotation": 90, "texture": "#2_1"}
			}
		},
		{
			"from": [0, 0.35, 7.5],
			"to": [4.55, 0.35, 8.5],
			"rotation": {"angle": 0, "axis": "y", "origin": [8.025, 0.5, 8]},
			"faces": {
				"north": {"uv": [10.688, 0, 15.655, 0.907], "rotation": 90, "texture": "#2_1"},
				"east": {"uv": [10.688, 0, 15.655, 0.907], "rotation": 90, "texture": "#2_1"},
				"south": {"uv": [10.688, 0, 15.655, 0.907], "rotation": 90, "texture": "#2_1"},
				"west": {"uv": [10.688, 0, 15.655, 0.907], "rotation": 90, "texture": "#2_1"},
				"up": {"uv": [10.688, 0, 15.655, 0.907], "texture": "#2_1"},
				"down": {"uv": [10.688, 0, 15.655, 0.907], "rotation": 180, "texture": "#2_1"}
			}
		},
		{
			"from": [11.5, 0.35, 7.5],
			"to": [16.05, 0.35, 8.5],
			"rotation": {"angle": 0, "axis": "y", "origin": [8.025, 0.5, 8]},
			"faces": {
				"north": {"uv": [10.688, 0, 15.655, 0.907], "rotation": 90, "texture": "#2_1"},
				"east": {"uv": [10.688, 0, 15.655, 0.907], "rotation": 90, "texture": "#2_1"},
				"south": {"uv": [10.688, 0, 15.655, 0.907], "rotation": 90, "texture": "#2_1"},
				"west": {"uv": [10.688, 0, 15.655, 0.907], "rotation": 90, "texture": "#2_1"},
				"up": {"uv": [10.688, 0, 15.655, 0.907], "rotation": 180, "texture": "#2_1"},
				"down": {"uv": [10.688, 0, 15.655, 0.907], "texture": "#2_1"}
			}
		},
		{
			"from": [7.5, 0.25, -0.025],
			"to": [8.5, 0.25, 4.525],
			"rotation": {"angle": 0, "axis": "y", "origin": [8.025, 0.5, 8]},
			"faces": {
				"north": {"uv": [10.688, 0, 15.655, 0.907], "rotation": 90, "texture": "#2_1"},
				"east": {"uv": [10.688, 0, 15.655, 0.907], "rotation": 90, "texture": "#2_1"},
				"south": {"uv": [10.688, 0, 15.655, 0.907], "rotation": 90, "texture": "#2_1"},
				"west": {"uv": [10.688, 0, 15.655, 0.907], "rotation": 90, "texture": "#2_1"},
				"up": {"uv": [10.688, 0, 15.655, 0.907], "rotation": 90, "texture": "#2_1"},
				"down": {"uv": [10.688, 0, 15.655, 0.907], "rotation": 90, "texture": "#2_1"}
			}
		},
		{
			"from": [0, 0.25, 7.5],
			"to": [4.55, 0.25, 8.5],
			"rotation": {"angle": 0, "axis": "y", "origin": [8.025, 0.5, 8]},
			"faces": {
				"north": {"uv": [10.688, 0, 15.655, 0.907], "rotation": 90, "texture": "#2_1"},
				"east": {"uv": [10.688, 0, 15.655, 0.907], "rotation": 90, "texture": "#2_1"},
				"south": {"uv": [10.688, 0, 15.655, 0.907], "rotation": 90, "texture": "#2_1"},
				"west": {"uv": [10.688, 0, 15.655, 0.907], "rotation": 90, "texture": "#2_1"},
				"up": {"uv": [10.688, 0, 15.655, 0.907], "texture": "#2_1"},
				"down": {"uv": [10.688, 0, 15.655, 0.907], "rotation": 180, "texture": "#2_1"}
			}
		},
		{
			"from": [11.5, 0.25, 7.5],
			"to": [16.05, 0.25, 8.5],
			"rotation": {"angle": 0, "axis": "y", "origin": [8.025, 0.5, 8]},
			"faces": {
				"north": {"uv": [10.688, 0, 15.655, 0.907], "rotation": 90, "texture": "#2_1"},
				"east": {"uv": [10.688, 0, 15.655, 0.907], "rotation": 90, "texture": "#2_1"},
				"south": {"uv": [10.688, 0, 15.655, 0.907], "rotation": 90, "texture": "#2_1"},
				"west": {"uv": [10.688, 0, 15.655, 0.907], "rotation": 90, "texture": "#2_1"},
				"up": {"uv": [10.688, 0, 15.655, 0.907], "rotation": 180, "texture": "#2_1"},
				"down": {"uv": [10.688, 0, 15.655, 0.907], "texture": "#2_1"}
			}
		},
		{
			"from": [7.5, 0.15, -0.025],
			"to": [8.5, 0.15, 4.525],
			"rotation": {"angle": 0, "axis": "y", "origin": [8.025, 0.5, 8]},
			"faces": {
				"north": {"uv": [10.688, 0, 15.655, 0.907], "rotation": 90, "texture": "#2_1"},
				"east": {"uv": [10.688, 0, 15.655, 0.907], "rotation": 90, "texture": "#2_1"},
				"south": {"uv": [10.688, 0, 15.655, 0.907], "rotation": 90, "texture": "#2_1"},
				"west": {"uv": [10.688, 0, 15.655, 0.907], "rotation": 90, "texture": "#2_1"},
				"up": {"uv": [10.688, 0, 15.655, 0.907], "rotation": 90, "texture": "#2_1"},
				"down": {"uv": [10.688, 0, 15.655, 0.907], "rotation": 90, "texture": "#2_1"}
			}
		},
		{
			"from": [0, 0.15, 7.5],
			"to": [4.55, 0.15, 8.5],
			"rotation": {"angle": 0, "axis": "y", "origin": [8.025, 0.5, 8]},
			"faces": {
				"north": {"uv": [10.688, 0, 15.655, 0.907], "rotation": 90, "texture": "#2_1"},
				"east": {"uv": [10.688, 0, 15.655, 0.907], "rotation": 90, "texture": "#2_1"},
				"south": {"uv": [10.688, 0, 15.655, 0.907], "rotation": 90, "texture": "#2_1"},
				"west": {"uv": [10.688, 0, 15.655, 0.907], "rotation": 90, "texture": "#2_1"},
				"up": {"uv": [10.688, 0, 15.655, 0.907], "texture": "#2_1"},
				"down": {"uv": [10.688, 0, 15.655, 0.907], "rotation": 180, "texture": "#2_1"}
			}
		},
		{
			"from": [11.5, 0.15, 7.5],
			"to": [16.05, 0.15, 8.5],
			"rotation": {"angle": 0, "axis": "y", "origin": [8.025, 0.5, 8]},
			"faces": {
				"north": {"uv": [10.688, 0, 15.655, 0.907], "rotation": 90, "texture": "#2_1"},
				"east": {"uv": [10.688, 0, 15.655, 0.907], "rotation": 90, "texture": "#2_1"},
				"south": {"uv": [10.688, 0, 15.655, 0.907], "rotation": 90, "texture": "#2_1"},
				"west": {"uv": [10.688, 0, 15.655, 0.907], "rotation": 90, "texture": "#2_1"},
				"up": {"uv": [10.688, 0, 15.655, 0.907], "rotation": 180, "texture": "#2_1"},
				"down": {"uv": [10.688, 0, 15.655, 0.907], "texture": "#2_1"}
			}
		},
		{
			"from": [7.5, 0.05, -0.025],
			"to": [8.5, 0.05, 4.525],
			"rotation": {"angle": 0, "axis": "y", "origin": [8.025, 0.5, 8]},
			"faces": {
				"north": {"uv": [10.688, 0, 15.655, 0.907], "rotation": 90, "texture": "#2_1"},
				"east": {"uv": [10.688, 0, 15.655, 0.907], "rotation": 90, "texture": "#2_1"},
				"south": {"uv": [10.688, 0, 15.655, 0.907], "rotation": 90, "texture": "#2_1"},
				"west": {"uv": [10.688, 0, 15.655, 0.907], "rotation": 90, "texture": "#2_1"},
				"up": {"uv": [10.688, 0, 15.655, 0.907], "rotation": 90, "texture": "#2_1"},
				"down": {"uv": [10.688, 0, 15.655, 0.907], "rotation": 90, "texture": "#2_1"}
			}
		},
		{
			"from": [0, 0.05, 7.5],
			"to": [4.55, 0.05, 8.5],
			"rotation": {"angle": 0, "axis": "y", "origin": [8.025, 0.5, 8]},
			"faces": {
				"north": {"uv": [10.688, 0, 15.655, 0.907], "rotation": 90, "texture": "#2_1"},
				"east": {"uv": [10.688, 0, 15.655, 0.907], "rotation": 90, "texture": "#2_1"},
				"south": {"uv": [10.688, 0, 15.655, 0.907], "rotation": 90, "texture": "#2_1"},
				"west": {"uv": [10.688, 0, 15.655, 0.907], "rotation": 90, "texture": "#2_1"},
				"up": {"uv": [10.688, 0, 15.655, 0.907], "texture": "#2_1"},
				"down": {"uv": [10.688, 0, 15.655, 0.907], "rotation": 180, "texture": "#2_1"}
			}
		},
		{
			"from": [11.5, 0.05, 7.5],
			"to": [16.05, 0.05, 8.5],
			"rotation": {"angle": 0, "axis": "y", "origin": [8.025, 0.5, 8]},
			"faces": {
				"north": {"uv": [10.688, 0, 15.655, 0.907], "rotation": 90, "texture": "#2_1"},
				"east": {"uv": [10.688, 0, 15.655, 0.907], "rotation": 90, "texture": "#2_1"},
				"south": {"uv": [10.688, 0, 15.655, 0.907], "rotation": 90, "texture": "#2_1"},
				"west": {"uv": [10.688, 0, 15.655, 0.907], "rotation": 90, "texture": "#2_1"},
				"up": {"uv": [10.688, 0, 15.655, 0.907], "rotation": 180, "texture": "#2_1"},
				"down": {"uv": [10.688, 0, 15.655, 0.907], "texture": "#2_1"}
			}
		},
		{
			"from": [7.5, 0.75, -0.025],
			"to": [8.5, 0.75, 4.525],
			"rotation": {"angle": 0, "axis": "y", "origin": [8.025, 0.5, 8]},
			"faces": {
				"north": {"uv": [10.688, 0, 15.655, 0.907], "rotation": 90, "texture": "#2_1"},
				"east": {"uv": [10.688, 0, 15.655, 0.907], "rotation": 90, "texture": "#2_1"},
				"south": {"uv": [10.688, 0, 15.655, 0.907], "rotation": 90, "texture": "#2_1"},
				"west": {"uv": [10.688, 0, 15.655, 0.907], "rotation": 90, "texture": "#2_1"},
				"up": {"uv": [10.688, 0, 15.655, 0.907], "rotation": 90, "texture": "#2_1"},
				"down": {"uv": [10.688, 0, 15.655, 0.907], "rotation": 90, "texture": "#2_1"}
			}
		},
		{
			"from": [0, 0.75, 7.5],
			"to": [4.55, 0.75, 8.5],
			"rotation": {"angle": 0, "axis": "y", "origin": [8.025, 0.5, 8]},
			"faces": {
				"north": {"uv": [10.688, 0, 15.655, 0.907], "rotation": 90, "texture": "#2_1"},
				"east": {"uv": [10.688, 0, 15.655, 0.907], "rotation": 90, "texture": "#2_1"},
				"south": {"uv": [10.688, 0, 15.655, 0.907], "rotation": 90, "texture": "#2_1"},
				"west": {"uv": [10.688, 0, 15.655, 0.907], "rotation": 90, "texture": "#2_1"},
				"up": {"uv": [10.688, 0, 15.655, 0.907], "texture": "#2_1"},
				"down": {"uv": [10.688, 0, 15.655, 0.907], "rotation": 180, "texture": "#2_1"}
			}
		},
		{
			"from": [11.5, 0.75, 7.5],
			"to": [16.05, 0.75, 8.5],
			"rotation": {"angle": 0, "axis": "y", "origin": [8.025, 0.5, 8]},
			"faces": {
				"north": {"uv": [10.688, 0, 15.655, 0.907], "rotation": 90, "texture": "#2_1"},
				"east": {"uv": [10.688, 0, 15.655, 0.907], "rotation": 90, "texture": "#2_1"},
				"south": {"uv": [10.688, 0, 15.655, 0.907], "rotation": 90, "texture": "#2_1"},
				"west": {"uv": [10.688, 0, 15.655, 0.907], "rotation": 90, "texture": "#2_1"},
				"up": {"uv": [10.688, 0, 15.655, 0.907], "rotation": 180, "texture": "#2_1"},
				"down": {"uv": [10.688, 0, 15.655, 0.907], "texture": "#2_1"}
			}
		},
		{
			"from": [7.5, 0.85, -0.025],
			"to": [8.5, 0.85, 4.525],
			"rotation": {"angle": 0, "axis": "y", "origin": [8.025, 0.5, 8]},
			"faces": {
				"north": {"uv": [10.688, 0, 15.655, 0.907], "rotation": 90, "texture": "#2_1"},
				"east": {"uv": [10.688, 0, 15.655, 0.907], "rotation": 90, "texture": "#2_1"},
				"south": {"uv": [10.688, 0, 15.655, 0.907], "rotation": 90, "texture": "#2_1"},
				"west": {"uv": [10.688, 0, 15.655, 0.907], "rotation": 90, "texture": "#2_1"},
				"up": {"uv": [10.688, 0, 15.655, 0.907], "rotation": 90, "texture": "#2_1"},
				"down": {"uv": [10.688, 0, 15.655, 0.907], "rotation": 90, "texture": "#2_1"}
			}
		},
		{
			"from": [0, 0.85, 7.5],
			"to": [4.55, 0.85, 8.5],
			"rotation": {"angle": 0, "axis": "y", "origin": [8.025, 0.5, 8]},
			"faces": {
				"north": {"uv": [10.688, 0, 15.655, 0.907], "rotation": 90, "texture": "#2_1"},
				"east": {"uv": [10.688, 0, 15.655, 0.907], "rotation": 90, "texture": "#2_1"},
				"south": {"uv": [10.688, 0, 15.655, 0.907], "rotation": 90, "texture": "#2_1"},
				"west": {"uv": [10.688, 0, 15.655, 0.907], "rotation": 90, "texture": "#2_1"},
				"up": {"uv": [10.688, 0, 15.655, 0.907], "texture": "#2_1"},
				"down": {"uv": [10.688, 0, 15.655, 0.907], "rotation": 180, "texture": "#2_1"}
			}
		},
		{
			"from": [11.5, 0.85, 7.5],
			"to": [16.05, 0.85, 8.5],
			"rotation": {"angle": 0, "axis": "y", "origin": [8.025, 0.5, 8]},
			"faces": {
				"north": {"uv": [10.688, 0, 15.655, 0.907], "rotation": 90, "texture": "#2_1"},
				"east": {"uv": [10.688, 0, 15.655, 0.907], "rotation": 90, "texture": "#2_1"},
				"south": {"uv": [10.688, 0, 15.655, 0.907], "rotation": 90, "texture": "#2_1"},
				"west": {"uv": [10.688, 0, 15.655, 0.907], "rotation": 90, "texture": "#2_1"},
				"up": {"uv": [10.688, 0, 15.655, 0.907], "rotation": 180, "texture": "#2_1"},
				"down": {"uv": [10.688, 0, 15.655, 0.907], "texture": "#2_1"}
			}
		},
		{
			"from": [7.5, 0.95, -0.025],
			"to": [8.5, 0.95, 4.525],
			"rotation": {"angle": 0, "axis": "y", "origin": [8.025, 0.5, 8]},
			"faces": {
				"north": {"uv": [6.758, 0, 16, 0.907], "texture": "#missing"},
				"east": {"uv": [6.758, 0, 16, 0.907], "texture": "#missing"},
				"south": {"uv": [6.758, 0, 16, 0.907], "texture": "#missing"},
				"west": {"uv": [6.758, 0, 16, 0.907], "texture": "#missing"},
				"up": {"uv": [10.688, 0, 15.655, 0.907], "rotation": 90, "texture": "#2", "tintindex": 0},
				"down": {"uv": [6.758, 0, 16, 0.907], "rotation": 270, "texture": "#2", "tintindex": 0}
			}
		},
		{
			"from": [0, 0.95, 7.5],
			"to": [4.55, 0.95, 8.5],
			"rotation": {"angle": 0, "axis": "y", "origin": [8.025, 0.5, 8]},
			"faces": {
				"north": {"uv": [6.758, 0, 16, 0.907], "texture": "#missing"},
				"east": {"uv": [6.758, 0, 16, 0.907], "texture": "#missing"},
				"south": {"uv": [6.758, 0, 16, 0.907], "texture": "#missing"},
				"west": {"uv": [6.758, 0, 16, 0.907], "texture": "#missing"},
				"up": {"uv": [10.688, 0, 15.655, 0.907], "texture": "#2", "tintindex": 0},
				"down": {"uv": [6.758, 0, 16, 0.907], "texture": "#2", "tintindex": 0}
			}
		},
		{
			"from": [11.5, 0.95, 7.5],
			"to": [16.05, 0.95, 8.5],
			"rotation": {"angle": 0, "axis": "y", "origin": [8.025, 0.5, 8]},
			"faces": {
				"north": {"uv": [6.758, 0, 16, 0.907], "texture": "#missing"},
				"east": {"uv": [6.758, 0, 16, 0.907], "texture": "#missing"},
				"south": {"uv": [6.758, 0, 16, 0.907], "texture": "#missing"},
				"west": {"uv": [6.758, 0, 16, 0.907], "texture": "#missing"},
				"up": {"uv": [10.688, 0, 15.655, 0.907], "rotation": 180, "texture": "#2", "tintindex": 0},
				"down": {"uv": [6.758, 0, 16, 0.907], "rotation": 180, "texture": "#2", "tintindex": 0}
			}
		},
		{
			"from": [7.45, -0.1, 4.4],
			"to": [8.55, 1, 8.6],
			"rotation": {"angle": 0, "axis": "y", "origin": [5.7, 0, 5.5]},
			"faces": {
				"north": {"uv": [0, 1, 1, 2], "texture": "#3"},
				"east": {"uv": [0, 1, 1, 2], "texture": "#3"},
				"south": {"uv": [0, 1, 1, 2], "texture": "#3"},
				"west": {"uv": [0, 1, 1, 2], "texture": "#3"},
				"up": {"uv": [0, 1, 1, 2], "texture": "#3"},
				"down": {"uv": [0, 1, 1, 2], "texture": "#3"}
			}
		},
		{
			"from": [4.45, 1.4, 5],
			"to": [11.35, 1.4, 12.4],
			"rotation": {"angle": 0, "axis": "y", "origin": [5.4, 0, 5.6]},
			"faces": {
				"north": {"uv": [0, 0, 16, 16], "rotation": 180, "texture": "#4"},
				"east": {"uv": [0, 0, 16, 16], "rotation": 180, "texture": "#4"},
				"south": {"uv": [0, 0, 16, 16], "rotation": 180, "texture": "#4"},
				"west": {"uv": [0, 0, 16, 16], "rotation": 180, "texture": "#4"},
				"up": {"uv": [0, 0, 16, 16], "rotation": 180, "texture": "#4"},
				"down": {"uv": [0, 0, 16, 16], "texture": "#4"}
			}
		},
		{
			"from": [4.45, 1.1, 5],
			"to": [11.35, 1.1, 12.4],
			"rotation": {"angle": 0, "axis": "y", "origin": [5.4, 0, 5.6]},
			"faces": {
				"north": {"uv": [0, 0, 16, 16], "rotation": 180, "texture": "#4"},
				"east": {"uv": [0, 0, 16, 16], "rotation": 180, "texture": "#4"},
				"south": {"uv": [0, 0, 16, 16], "rotation": 180, "texture": "#4"},
				"west": {"uv": [0, 0, 16, 16], "rotation": 180, "texture": "#4"},
				"up": {"uv": [0, 0, 16, 16], "rotation": 180, "texture": "#4"},
				"down": {"uv": [0, 0, 16, 16], "texture": "#4"}
			}
		},
		{
			"from": [4.45, 1, 5],
			"to": [11.35, 1, 12.4],
			"rotation": {"angle": 0, "axis": "y", "origin": [5.4, 0, 5.6]},
			"faces": {
				"north": {"uv": [0, 0, 16, 16], "rotation": 180, "texture": "#4"},
				"east": {"uv": [0, 0, 16, 16], "rotation": 180, "texture": "#4"},
				"south": {"uv": [0, 0, 16, 16], "rotation": 180, "texture": "#4"},
				"west": {"uv": [0, 0, 16, 16], "rotation": 180, "texture": "#4"},
				"up": {"uv": [0, 0, 16, 16], "rotation": 180, "texture": "#4"},
				"down": {"uv": [0, 0, 16, 16], "texture": "#4"}
			}
		},
		{
			"from": [4.45, 0.9, 5],
			"to": [11.35, 0.9, 12.4],
			"rotation": {"angle": 0, "axis": "y", "origin": [5.4, 0, 5.6]},
			"faces": {
				"north": {"uv": [0, 0, 16, 16], "rotation": 180, "texture": "#4"},
				"east": {"uv": [0, 0, 16, 16], "rotation": 180, "texture": "#4"},
				"south": {"uv": [0, 0, 16, 16], "rotation": 180, "texture": "#4"},
				"west": {"uv": [0, 0, 16, 16], "rotation": 180, "texture": "#4"},
				"up": {"uv": [0, 0, 16, 16], "rotation": 180, "texture": "#4"},
				"down": {"uv": [0, 0, 16, 16], "texture": "#4"}
			}
		},
		{
			"from": [4.45, 0.8, 5],
			"to": [11.35, 0.8, 12.4],
			"rotation": {"angle": 0, "axis": "y", "origin": [5.4, 0, 5.6]},
			"faces": {
				"north": {"uv": [0, 0, 16, 16], "rotation": 180, "texture": "#4"},
				"east": {"uv": [0, 0, 16, 16], "rotation": 180, "texture": "#4"},
				"south": {"uv": [0, 0, 16, 16], "rotation": 180, "texture": "#4"},
				"west": {"uv": [0, 0, 16, 16], "rotation": 180, "texture": "#4"},
				"up": {"uv": [0, 0, 16, 16], "rotation": 180, "texture": "#4"},
				"down": {"uv": [0, 0, 16, 16], "texture": "#4"}
			}
		},
		{
			"from": [4.45, 0.7, 5],
			"to": [11.35, 0.7, 12.4],
			"rotation": {"angle": 0, "axis": "y", "origin": [5.4, 0, 5.6]},
			"faces": {
				"north": {"uv": [0, 0, 16, 16], "rotation": 180, "texture": "#4"},
				"east": {"uv": [0, 0, 16, 16], "rotation": 180, "texture": "#4"},
				"south": {"uv": [0, 0, 16, 16], "rotation": 180, "texture": "#4"},
				"west": {"uv": [0, 0, 16, 16], "rotation": 180, "texture": "#4"},
				"up": {"uv": [0, 0, 16, 16], "rotation": 180, "texture": "#4"},
				"down": {"uv": [0, 0, 16, 16], "texture": "#4"}
			}
		},
		{
			"from": [4.45, 0.6, 5],
			"to": [11.35, 0.6, 12.4],
			"rotation": {"angle": 0, "axis": "y", "origin": [5.4, 0, 5.6]},
			"faces": {
				"north": {"uv": [0, 0, 16, 16], "rotation": 180, "texture": "#4"},
				"east": {"uv": [0, 0, 16, 16], "rotation": 180, "texture": "#4"},
				"south": {"uv": [0, 0, 16, 16], "rotation": 180, "texture": "#4"},
				"west": {"uv": [0, 0, 16, 16], "rotation": 180, "texture": "#4"},
				"up": {"uv": [0, 0, 16, 16], "rotation": 180, "texture": "#4"},
				"down": {"uv": [0, 0, 16, 16], "texture": "#4"}
			}
		},
		{
			"from": [4.45, 0.5, 5],
			"to": [11.35, 0.5, 12.4],
			"rotation": {"angle": 0, "axis": "y", "origin": [5.4, 0, 5.6]},
			"faces": {
				"north": {"uv": [0, 0, 16, 16], "rotation": 180, "texture": "#4"},
				"east": {"uv": [0, 0, 16, 16], "rotation": 180, "texture": "#4"},
				"south": {"uv": [0, 0, 16, 16], "rotation": 180, "texture": "#4"},
				"west": {"uv": [0, 0, 16, 16], "rotation": 180, "texture": "#4"},
				"up": {"uv": [0, 0, 16, 16], "rotation": 180, "texture": "#4"},
				"down": {"uv": [0, 0, 16, 16], "texture": "#4"}
			}
		},
		{
			"from": [4.45, 0.4, 5],
			"to": [11.35, 0.4, 12.4],
			"rotation": {"angle": 0, "axis": "y", "origin": [5.4, 0, 5.6]},
			"faces": {
				"north": {"uv": [0, 0, 16, 16], "rotation": 180, "texture": "#4"},
				"east": {"uv": [0, 0, 16, 16], "rotation": 180, "texture": "#4"},
				"south": {"uv": [0, 0, 16, 16], "rotation": 180, "texture": "#4"},
				"west": {"uv": [0, 0, 16, 16], "rotation": 180, "texture": "#4"},
				"up": {"uv": [0, 0, 16, 16], "rotation": 180, "texture": "#4"},
				"down": {"uv": [0, 0, 16, 16], "texture": "#4"}
			}
		},
		{
			"from": [4.45, 0.3, 5],
			"to": [11.35, 0.3, 12.4],
			"rotation": {"angle": 0, "axis": "y", "origin": [5.4, 0, 5.6]},
			"faces": {
				"north": {"uv": [0, 0, 16, 16], "rotation": 180, "texture": "#4"},
				"east": {"uv": [0, 0, 16, 16], "rotation": 180, "texture": "#4"},
				"south": {"uv": [0, 0, 16, 16], "rotation": 180, "texture": "#4"},
				"west": {"uv": [0, 0, 16, 16], "rotation": 180, "texture": "#4"},
				"up": {"uv": [0, 0, 16, 16], "rotation": 180, "texture": "#4"},
				"down": {"uv": [0, 0, 16, 16], "texture": "#4"}
			}
		},
		{
			"from": [4.45, 0.2, 5],
			"to": [11.35, 0.2, 12.4],
			"rotation": {"angle": 0, "axis": "y", "origin": [5.4, 0, 5.6]},
			"faces": {
				"north": {"uv": [0, 0, 16, 16], "rotation": 180, "texture": "#4"},
				"east": {"uv": [0, 0, 16, 16], "rotation": 180, "texture": "#4"},
				"south": {"uv": [0, 0, 16, 16], "rotation": 180, "texture": "#4"},
				"west": {"uv": [0, 0, 16, 16], "rotation": 180, "texture": "#4"},
				"up": {"uv": [0, 0, 16, 16], "rotation": 180, "texture": "#4"},
				"down": {"uv": [0, 0, 16, 16], "texture": "#4"}
			}
		},
		{
			"from": [4.45, 0.1, 5],
			"to": [11.35, 0.1, 12.4],
			"rotation": {"angle": 0, "axis": "y", "origin": [5.4, 0, 5.6]},
			"faces": {
				"north": {"uv": [0, 0, 16, 16], "rotation": 180, "texture": "#4"},
				"east": {"uv": [0, 0, 16, 16], "rotation": 180, "texture": "#4"},
				"south": {"uv": [0, 0, 16, 16], "rotation": 180, "texture": "#4"},
				"west": {"uv": [0, 0, 16, 16], "rotation": 180, "texture": "#4"},
				"up": {"uv": [0, 0, 16, 16], "rotation": 180, "texture": "#4"},
				"down": {"uv": [0, 0, 16, 16], "texture": "#4"}
			}
		},
		{
			"from": [4.45, 0, 5],
			"to": [11.35, 0, 12.4],
			"rotation": {"angle": 0, "axis": "y", "origin": [5.4, 0, 5.6]},
			"faces": {
				"north": {"uv": [0, 0, 16, 16], "rotation": 180, "texture": "#4"},
				"east": {"uv": [0, 0, 16, 16], "rotation": 180, "texture": "#4"},
				"south": {"uv": [0, 0, 16, 16], "rotation": 180, "texture": "#4"},
				"west": {"uv": [0, 0, 16, 16], "rotation": 180, "texture": "#4"},
				"up": {"uv": [0, 0, 16, 16], "rotation": 180, "texture": "#4"},
				"down": {"uv": [0, 0, 16, 16], "texture": "#4"}
			}
		},
		{
			"from": [4.45, 1.2, 5],
			"to": [11.35, 1.2, 12.4],
			"rotation": {"angle": 0, "axis": "y", "origin": [5.4, 0, 5.6]},
			"faces": {
				"north": {"uv": [0, 0, 16, 16], "rotation": 180, "texture": "#4"},
				"east": {"uv": [0, 0, 16, 16], "rotation": 180, "texture": "#4"},
				"south": {"uv": [0, 0, 16, 16], "rotation": 180, "texture": "#4"},
				"west": {"uv": [0, 0, 16, 16], "rotation": 180, "texture": "#4"},
				"up": {"uv": [0, 0, 16, 16], "rotation": 180, "texture": "#4"},
				"down": {"uv": [0, 0, 16, 16], "texture": "#4"}
			}
		},
		{
			"from": [4.45, 1.3, 5],
			"to": [11.35, 1.3, 12.4],
			"rotation": {"angle": 0, "axis": "y", "origin": [5.4, 0, 5.6]},
			"faces": {
				"north": {"uv": [0, 0, 16, 16], "rotation": 180, "texture": "#4"},
				"east": {"uv": [0, 0, 16, 16], "rotation": 180, "texture": "#4"},
				"south": {"uv": [0, 0, 16, 16], "rotation": 180, "texture": "#4"},
				"west": {"uv": [0, 0, 16, 16], "rotation": 180, "texture": "#4"},
				"up": {"uv": [0, 0, 16, 16], "rotation": 180, "texture": "#4"},
				"down": {"uv": [0, 0, 16, 16], "texture": "#4"}
			}
		},
		{
			"from": [6.55, 1.39, 7],
			"to": [9.35, 1.39, 7.9],
			"rotation": {"angle": 0, "axis": "y", "origin": [5.4, 0, 5.6]},
			"faces": {
				"north": {"uv": [0, 0, 16, 16], "rotation": 180, "texture": "#4"},
				"east": {"uv": [0, 0, 16, 16], "rotation": 180, "texture": "#4"},
				"south": {"uv": [0, 0, 16, 16], "rotation": 180, "texture": "#4"},
				"west": {"uv": [0, 0, 16, 16], "rotation": 180, "texture": "#4"},
				"up": {"uv": [0, 8.375, 6.093, 10.281], "rotation": 180, "texture": "#5"},
				"down": {"uv": [0, 0, 16, 16], "texture": "#4"}
			}
		},
		{
			"from": [4.5, -0.1, 7.45],
			"to": [11.6, 1, 8.55],
			"rotation": {"angle": 0, "axis": "y", "origin": [8, 0.55, 8]},
			"faces": {
				"north": {"uv": [0, 1, 1, 2], "texture": "#3"},
				"east": {"uv": [0, 1, 1, 2], "texture": "#3"},
				"south": {"uv": [0, 1, 1, 2], "texture": "#3"},
				"west": {"uv": [0, 1, 1, 2], "texture": "#3"},
				"up": {"uv": [0, 1, 1, 2], "texture": "#3"},
				"down": {"uv": [0, 1, 1, 2], "texture": "#3"}
			}
		}
	],
	"groups": [
		{
			"name": "wire_center_2",
			"origin": [8, 8, 8],
			"children": [
				{
					"name": "wire_center_2",
					"origin": [8, 8, 8],
					"children": [0, 1, 2, 3, 4, 5, 6, 7, 8, 9, 10, 11, 12, 13, 14, 15, 16, 17, 18, 19, 20, 21, 22, 23, 24, 25, 26, 27, 28, 29, 30, 31, 32, 33, 34, 35, 36, 37, 38, 39, 40, 41, 42, 43, 44, 45, 46, 47]
				}
			]
		}
	]
}