{
	"credit": "Made with Blockbench",
	"textures": {
		"2": "block/cmodels/wire_on",
		"2_1": "block/cmodels/wire_off"
	},
	"elements": [
		{
			"from": [7.5, 0.65, 11.475],
			"to": [8.5, 0.65, 16.025],
			"rotation": {"angle": 0, "axis": "y", "origin": [8.025, 0.5, 8]},
			"faces": {
				"north": {"uv": [10.688, 0, 15.655, 0.907], "rotation": 90, "texture": "#2_1"},
				"east": {"uv": [10.688, 0, 15.655, 0.907], "rotation": 90, "texture": "#2_1"},
				"south": {"uv": [10.688, 0, 15.655, 0.907], "rotation": 90, "texture": "#2_1"},
				"west": {"uv": [10.688, 0, 15.655, 0.907], "rotation": 90, "texture": "#2_1"},
				"up": {"uv": [10.688, 0, 15.655, 0.907], "rotation": 270, "texture": "#2_1"},
				"down": {"uv": [10.688, 0, 15.655, 0.907], "rotation": 270, "texture": "#2_1"}
			}
		},
		{
			"from": [7.5, 0.65, 6.925],
			"to": [8.5, 0.65, 11.475],
			"rotation": {"angle": 0, "axis": "y", "origin": [8.025, 0.5, 4.4]},
			"faces": {
				"north": {"uv": [10.688, 0, 15.655, 0.907], "rotation": 90, "texture": "#2_1"},
				"east": {"uv": [10.688, 0, 15.655, 0.907], "rotation": 90, "texture": "#2_1"},
				"south": {"uv": [10.688, 0, 15.655, 0.907], "rotation": 90, "texture": "#2_1"},
				"west": {"uv": [10.688, 0, 15.655, 0.907], "rotation": 90, "texture": "#2_1"},
				"up": {"uv": [10.688, 0, 15.655, 0.907], "rotation": 270, "texture": "#2_1"},
				"down": {"uv": [10.688, 0, 15.655, 0.907], "rotation": 270, "texture": "#2_1"}
			}
		},
		{
			"from": [7.5, 0.65, 2.425],
			"to": [8.5, 0.65, 6.975],
			"rotation": {"angle": 0, "axis": "y", "origin": [8.025, 0.5, -0.1]},
			"faces": {
				"north": {"uv": [10.688, 0, 15.655, 0.907], "rotation": 90, "texture": "#2_1"},
				"east": {"uv": [10.688, 0, 15.655, 0.907], "rotation": 90, "texture": "#2_1"},
				"south": {"uv": [10.688, 0, 15.655, 0.907], "rotation": 90, "texture": "#2_1"},
				"west": {"uv": [10.688, 0, 15.655, 0.907], "rotation": 90, "texture": "#2_1"},
				"up": {"uv": [10.688, 0, 15.655, 0.907], "rotation": 270, "texture": "#2_1"},
				"down": {"uv": [10.688, 0, 15.655, 0.907], "rotation": 270, "texture": "#2_1"}
			}
		},
		{
			"from": [7.5, 0.55, 11.475],
			"to": [8.5, 0.55, 16.025],
			"rotation": {"angle": 0, "axis": "y", "origin": [8.025, 0.5, 8]},
			"faces": {
				"north": {"uv": [10.688, 0, 15.655, 0.907], "rotation": 90, "texture": "#2_1"},
				"east": {"uv": [10.688, 0, 15.655, 0.907], "rotation": 90, "texture": "#2_1"},
				"south": {"uv": [10.688, 0, 15.655, 0.907], "rotation": 90, "texture": "#2_1"},
				"west": {"uv": [10.688, 0, 15.655, 0.907], "rotation": 90, "texture": "#2_1"},
				"up": {"uv": [10.688, 0, 15.655, 0.907], "rotation": 270, "texture": "#2_1"},
				"down": {"uv": [10.688, 0, 15.655, 0.907], "rotation": 270, "texture": "#2_1"}
			}
		},
		{
			"from": [7.5, 0.55, 6.925],
			"to": [8.5, 0.55, 11.475],
			"rotation": {"angle": 0, "axis": "y", "origin": [8.025, 0.5, 4.4]},
			"faces": {
				"north": {"uv": [10.688, 0, 15.655, 0.907], "rotation": 90, "texture": "#2_1"},
				"east": {"uv": [10.688, 0, 15.655, 0.907], "rotation": 90, "texture": "#2_1"},
				"south": {"uv": [10.688, 0, 15.655, 0.907], "rotation": 90, "texture": "#2_1"},
				"west": {"uv": [10.688, 0, 15.655, 0.907], "rotation": 90, "texture": "#2_1"},
				"up": {"uv": [10.688, 0, 15.655, 0.907], "rotation": 270, "texture": "#2_1"},
				"down": {"uv": [10.688, 0, 15.655, 0.907], "rotation": 270, "texture": "#2_1"}
			}
		},
		{
			"from": [7.5, 0.55, 2.425],
			"to": [8.5, 0.55, 6.975],
			"rotation": {"angle": 0, "axis": "y", "origin": [8.025, 0.5, -0.1]},
			"faces": {
				"north": {"uv": [10.688, 0, 15.655, 0.907], "rotation": 90, "texture": "#2_1"},
				"east": {"uv": [10.688, 0, 15.655, 0.907], "rotation": 90, "texture": "#2_1"},
				"south": {"uv": [10.688, 0, 15.655, 0.907], "rotation": 90, "texture": "#2_1"},
				"west": {"uv": [10.688, 0, 15.655, 0.907], "rotation": 90, "texture": "#2_1"},
				"up": {"uv": [10.688, 0, 15.655, 0.907], "rotation": 270, "texture": "#2_1"},
				"down": {"uv": [10.688, 0, 15.655, 0.907], "rotation": 270, "texture": "#2_1"}
			}
		},
		{
			"from": [7.5, 0.45, 11.475],
			"to": [8.5, 0.45, 16.025],
			"rotation": {"angle": 0, "axis": "y", "origin": [8.025, 0.5, 8]},
			"faces": {
				"north": {"uv": [10.688, 0, 15.655, 0.907], "rotation": 90, "texture": "#2_1"},
				"east": {"uv": [10.688, 0, 15.655, 0.907], "rotation": 90, "texture": "#2_1"},
				"south": {"uv": [10.688, 0, 15.655, 0.907], "rotation": 90, "texture": "#2_1"},
				"west": {"uv": [10.688, 0, 15.655, 0.907], "rotation": 90, "texture": "#2_1"},
				"up": {"uv": [10.688, 0, 15.655, 0.907], "rotation": 270, "texture": "#2_1"},
				"down": {"uv": [10.688, 0, 15.655, 0.907], "rotation": 270, "texture": "#2_1"}
			}
		},
		{
			"from": [7.5, 0.45, 6.925],
			"to": [8.5, 0.45, 11.475],
			"rotation": {"angle": 0, "axis": "y", "origin": [8.025, 0.5, 4.4]},
			"faces": {
				"north": {"uv": [10.688, 0, 15.655, 0.907], "rotation": 90, "texture": "#2_1"},
				"east": {"uv": [10.688, 0, 15.655, 0.907], "rotation": 90, "texture": "#2_1"},
				"south": {"uv": [10.688, 0, 15.655, 0.907], "rotation": 90, "texture": "#2_1"},
				"west": {"uv": [10.688, 0, 15.655, 0.907], "rotation": 90, "texture": "#2_1"},
				"up": {"uv": [10.688, 0, 15.655, 0.907], "rotation": 270, "texture": "#2_1"},
				"down": {"uv": [10.688, 0, 15.655, 0.907], "rotation": 270, "texture": "#2_1"}
			}
		},
		{
			"from": [7.5, 0.45, 2.425],
			"to": [8.5, 0.45, 6.975],
			"rotation": {"angle": 0, "axis": "y", "origin": [8.025, 0.5, -0.1]},
			"faces": {
				"north": {"uv": [10.688, 0, 15.655, 0.907], "rotation": 90, "texture": "#2_1"},
				"east": {"uv": [10.688, 0, 15.655, 0.907], "rotation": 90, "texture": "#2_1"},
				"south": {"uv": [10.688, 0, 15.655, 0.907], "rotation": 90, "texture": "#2_1"},
				"west": {"uv": [10.688, 0, 15.655, 0.907], "rotation": 90, "texture": "#2_1"},
				"up": {"uv": [10.688, 0, 15.655, 0.907], "rotation": 270, "texture": "#2_1"},
				"down": {"uv": [10.688, 0, 15.655, 0.907], "rotation": 270, "texture": "#2_1"}
			}
		},
		{
			"from": [7.5, 0.35, 11.475],
			"to": [8.5, 0.35, 16.025],
			"rotation": {"angle": 0, "axis": "y", "origin": [8.025, 0.5, 8]},
			"faces": {
				"north": {"uv": [10.688, 0, 15.655, 0.907], "rotation": 90, "texture": "#2_1"},
				"east": {"uv": [10.688, 0, 15.655, 0.907], "rotation": 90, "texture": "#2_1"},
				"south": {"uv": [10.688, 0, 15.655, 0.907], "rotation": 90, "texture": "#2_1"},
				"west": {"uv": [10.688, 0, 15.655, 0.907], "rotation": 90, "texture": "#2_1"},
				"up": {"uv": [10.688, 0, 15.655, 0.907], "rotation": 270, "texture": "#2_1"},
				"down": {"uv": [10.688, 0, 15.655, 0.907], "rotation": 270, "texture": "#2_1"}
			}
		},
		{
			"from": [7.5, 0.35, 6.925],
			"to": [8.5, 0.35, 11.475],
			"rotation": {"angle": 0, "axis": "y", "origin": [8.025, 0.5, 4.4]},
			"faces": {
				"north": {"uv": [10.688, 0, 15.655, 0.907], "rotation": 90, "texture": "#2_1"},
				"east": {"uv": [10.688, 0, 15.655, 0.907], "rotation": 90, "texture": "#2_1"},
				"south": {"uv": [10.688, 0, 15.655, 0.907], "rotation": 90, "texture": "#2_1"},
				"west": {"uv": [10.688, 0, 15.655, 0.907], "rotation": 90, "texture": "#2_1"},
				"up": {"uv": [10.688, 0, 15.655, 0.907], "rotation": 270, "texture": "#2_1"},
				"down": {"uv": [10.688, 0, 15.655, 0.907], "rotation": 270, "texture": "#2_1"}
			}
		},
		{
			"from": [7.5, 0.35, 2.425],
			"to": [8.5, 0.35, 6.975],
			"rotation": {"angle": 0, "axis": "y", "origin": [8.025, 0.5, -0.1]},
			"faces": {
				"north": {"uv": [10.688, 0, 15.655, 0.907], "rotation": 90, "texture": "#2_1"},
				"east": {"uv": [10.688, 0, 15.655, 0.907], "rotation": 90, "texture": "#2_1"},
				"south": {"uv": [10.688, 0, 15.655, 0.907], "rotation": 90, "texture": "#2_1"},
				"west": {"uv": [10.688, 0, 15.655, 0.907], "rotation": 90, "texture": "#2_1"},
				"up": {"uv": [10.688, 0, 15.655, 0.907], "rotation": 270, "texture": "#2_1"},
				"down": {"uv": [10.688, 0, 15.655, 0.907], "rotation": 270, "texture": "#2_1"}
			}
		},
		{
			"from": [7.5, 0.25, 11.475],
			"to": [8.5, 0.25, 16.025],
			"rotation": {"angle": 0, "axis": "y", "origin": [8.025, 0.5, 8]},
			"faces": {
				"north": {"uv": [10.688, 0, 15.655, 0.907], "rotation": 90, "texture": "#2_1"},
				"east": {"uv": [10.688, 0, 15.655, 0.907], "rotation": 90, "texture": "#2_1"},
				"south": {"uv": [10.688, 0, 15.655, 0.907], "rotation": 90, "texture": "#2_1"},
				"west": {"uv": [10.688, 0, 15.655, 0.907], "rotation": 90, "texture": "#2_1"},
				"up": {"uv": [10.688, 0, 15.655, 0.907], "rotation": 270, "texture": "#2_1"},
				"down": {"uv": [10.688, 0, 15.655, 0.907], "rotation": 270, "texture": "#2_1"}
			}
		},
		{
			"from": [7.5, 0.25, 6.925],
			"to": [8.5, 0.25, 11.475],
			"rotation": {"angle": 0, "axis": "y", "origin": [8.025, 0.5, 4.4]},
			"faces": {
				"north": {"uv": [10.688, 0, 15.655, 0.907], "rotation": 90, "texture": "#2_1"},
				"east": {"uv": [10.688, 0, 15.655, 0.907], "rotation": 90, "texture": "#2_1"},
				"south": {"uv": [10.688, 0, 15.655, 0.907], "rotation": 90, "texture": "#2_1"},
				"west": {"uv": [10.688, 0, 15.655, 0.907], "rotation": 90, "texture": "#2_1"},
				"up": {"uv": [10.688, 0, 15.655, 0.907], "rotation": 270, "texture": "#2_1"},
				"down": {"uv": [10.688, 0, 15.655, 0.907], "rotation": 270, "texture": "#2_1"}
			}
		},
		{
			"from": [7.5, 0.25, 2.425],
			"to": [8.5, 0.25, 6.975],
			"rotation": {"angle": 0, "axis": "y", "origin": [8.025, 0.5, -0.1]},
			"faces": {
				"north": {"uv": [10.688, 0, 15.655, 0.907], "rotation": 90, "texture": "#2_1"},
				"east": {"uv": [10.688, 0, 15.655, 0.907], "rotation": 90, "texture": "#2_1"},
				"south": {"uv": [10.688, 0, 15.655, 0.907], "rotation": 90, "texture": "#2_1"},
				"west": {"uv": [10.688, 0, 15.655, 0.907], "rotation": 90, "texture": "#2_1"},
				"up": {"uv": [10.688, 0, 15.655, 0.907], "rotation": 270, "texture": "#2_1"},
				"down": {"uv": [10.688, 0, 15.655, 0.907], "rotation": 270, "texture": "#2_1"}
			}
		},
		{
			"from": [7.5, 0.15, 11.475],
			"to": [8.5, 0.15, 16.025],
			"rotation": {"angle": 0, "axis": "y", "origin": [8.025, 0.5, 8]},
			"faces": {
				"north": {"uv": [10.688, 0, 15.655, 0.907], "rotation": 90, "texture": "#2_1"},
				"east": {"uv": [10.688, 0, 15.655, 0.907], "rotation": 90, "texture": "#2_1"},
				"south": {"uv": [10.688, 0, 15.655, 0.907], "rotation": 90, "texture": "#2_1"},
				"west": {"uv": [10.688, 0, 15.655, 0.907], "rotation": 90, "texture": "#2_1"},
				"up": {"uv": [10.688, 0, 15.655, 0.907], "rotation": 270, "texture": "#2_1"},
				"down": {"uv": [10.688, 0, 15.655, 0.907], "rotation": 270, "texture": "#2_1"}
			}
		},
		{
			"from": [7.5, 0.15, 6.925],
			"to": [8.5, 0.15, 11.475],
			"rotation": {"angle": 0, "axis": "y", "origin": [8.025, 0.5, 4.4]},
			"faces": {
				"north": {"uv": [10.688, 0, 15.655, 0.907], "rotation": 90, "texture": "#2_1"},
				"east": {"uv": [10.688, 0, 15.655, 0.907], "rotation": 90, "texture": "#2_1"},
				"south": {"uv": [10.688, 0, 15.655, 0.907], "rotation": 90, "texture": "#2_1"},
				"west": {"uv": [10.688, 0, 15.655, 0.907], "rotation": 90, "texture": "#2_1"},
				"up": {"uv": [10.688, 0, 15.655, 0.907], "rotation": 270, "texture": "#2_1"},
				"down": {"uv": [10.688, 0, 15.655, 0.907], "rotation": 270, "texture": "#2_1"}
			}
		},
		{
			"from": [7.5, 0.15, 2.425],
			"to": [8.5, 0.15, 6.975],
			"rotation": {"angle": 0, "axis": "y", "origin": [8.025, 0.5, -0.1]},
			"faces": {
				"north": {"uv": [10.688, 0, 15.655, 0.907], "rotation": 90, "texture": "#2_1"},
				"east": {"uv": [10.688, 0, 15.655, 0.907], "rotation": 90, "texture": "#2_1"},
				"south": {"uv": [10.688, 0, 15.655, 0.907], "rotation": 90, "texture": "#2_1"},
				"west": {"uv": [10.688, 0, 15.655, 0.907], "rotation": 90, "texture": "#2_1"},
				"up": {"uv": [10.688, 0, 15.655, 0.907], "rotation": 270, "texture": "#2_1"},
				"down": {"uv": [10.688, 0, 15.655, 0.907], "rotation": 270, "texture": "#2_1"}
			}
		},
		{
			"from": [7.5, 0.05, 11.475],
			"to": [8.5, 0.05, 16.025],
			"rotation": {"angle": 0, "axis": "y", "origin": [8.025, 0.5, 8]},
			"faces": {
				"north": {"uv": [10.688, 0, 15.655, 0.907], "rotation": 90, "texture": "#2_1"},
				"east": {"uv": [10.688, 0, 15.655, 0.907], "rotation": 90, "texture": "#2_1"},
				"south": {"uv": [10.688, 0, 15.655, 0.907], "rotation": 90, "texture": "#2_1"},
				"west": {"uv": [10.688, 0, 15.655, 0.907], "rotation": 90, "texture": "#2_1"},
				"up": {"uv": [10.688, 0, 15.655, 0.907], "rotation": 270, "texture": "#2_1"},
				"down": {"uv": [10.688, 0, 15.655, 0.907], "rotation": 270, "texture": "#2_1"}
			}
		},
		{
			"from": [7.5, 0.05, 6.925],
			"to": [8.5, 0.05, 11.475],
			"rotation": {"angle": 0, "axis": "y", "origin": [8.025, 0.5, 4.4]},
			"faces": {
				"north": {"uv": [10.688, 0, 15.655, 0.907], "rotation": 90, "texture": "#2_1"},
				"east": {"uv": [10.688, 0, 15.655, 0.907], "rotation": 90, "texture": "#2_1"},
				"south": {"uv": [10.688, 0, 15.655, 0.907], "rotation": 90, "texture": "#2_1"},
				"west": {"uv": [10.688, 0, 15.655, 0.907], "rotation": 90, "texture": "#2_1"},
				"up": {"uv": [10.688, 0, 15.655, 0.907], "rotation": 270, "texture": "#2_1"},
				"down": {"uv": [10.688, 0, 15.655, 0.907], "rotation": 270, "texture": "#2_1"}
			}
		},
		{
			"from": [7.5, 0.05, 2.425],
			"to": [8.5, 0.05, 6.975],
			"rotation": {"angle": 0, "axis": "y", "origin": [8.025, 0.5, -0.1]},
			"faces": {
				"north": {"uv": [10.688, 0, 15.655, 0.907], "rotation": 90, "texture": "#2_1"},
				"east": {"uv": [10.688, 0, 15.655, 0.907], "rotation": 90, "texture": "#2_1"},
				"south": {"uv": [10.688, 0, 15.655, 0.907], "rotation": 90, "texture": "#2_1"},
				"west": {"uv": [10.688, 0, 15.655, 0.907], "rotation": 90, "texture": "#2_1"},
				"up": {"uv": [10.688, 0, 15.655, 0.907], "rotation": 270, "texture": "#2_1"},
				"down": {"uv": [10.688, 0, 15.655, 0.907], "rotation": 270, "texture": "#2_1"}
			}
		},
		{
			"from": [7.5, 0.75, 11.475],
			"to": [8.5, 0.75, 16.025],
			"rotation": {"angle": 0, "axis": "y", "origin": [8.025, 0.5, 8]},
			"faces": {
				"north": {"uv": [10.688, 0, 15.655, 0.907], "rotation": 90, "texture": "#2_1"},
				"east": {"uv": [10.688, 0, 15.655, 0.907], "rotation": 90, "texture": "#2_1"},
				"south": {"uv": [10.688, 0, 15.655, 0.907], "rotation": 90, "texture": "#2_1"},
				"west": {"uv": [10.688, 0, 15.655, 0.907], "rotation": 90, "texture": "#2_1"},
				"up": {"uv": [10.688, 0, 15.655, 0.907], "rotation": 270, "texture": "#2_1"},
				"down": {"uv": [10.688, 0, 15.655, 0.907], "rotation": 270, "texture": "#2_1"}
			}
		},
		{
			"from": [7.5, 0.75, 6.925],
			"to": [8.5, 0.75, 11.475],
			"rotation": {"angle": 0, "axis": "y", "origin": [8.025, 0.5, 4.4]},
			"faces": {
				"north": {"uv": [10.688, 0, 15.655, 0.907], "rotation": 90, "texture": "#2_1"},
				"east": {"uv": [10.688, 0, 15.655, 0.907], "rotation": 90, "texture": "#2_1"},
				"south": {"uv": [10.688, 0, 15.655, 0.907], "rotation": 90, "texture": "#2_1"},
				"west": {"uv": [10.688, 0, 15.655, 0.907], "rotation": 90, "texture": "#2_1"},
				"up": {"uv": [10.688, 0, 15.655, 0.907], "rotation": 270, "texture": "#2_1"},
				"down": {"uv": [10.688, 0, 15.655, 0.907], "rotation": 270, "texture": "#2_1"}
			}
		},
		{
			"from": [7.5, 0.75, 2.425],
			"to": [8.5, 0.75, 6.975],
			"rotation": {"angle": 0, "axis": "y", "origin": [8.025, 0.5, -0.1]},
			"faces": {
				"north": {"uv": [10.688, 0, 15.655, 0.907], "rotation": 90, "texture": "#2_1"},
				"east": {"uv": [10.688, 0, 15.655, 0.907], "rotation": 90, "texture": "#2_1"},
				"south": {"uv": [10.688, 0, 15.655, 0.907], "rotation": 90, "texture": "#2_1"},
				"west": {"uv": [10.688, 0, 15.655, 0.907], "rotation": 90, "texture": "#2_1"},
				"up": {"uv": [10.688, 0, 15.655, 0.907], "rotation": 270, "texture": "#2_1"},
				"down": {"uv": [10.688, 0, 15.655, 0.907], "rotation": 270, "texture": "#2_1"}
			}
		},
		{
			"from": [7.5, 0.85, 11.475],
			"to": [8.5, 0.85, 16.025],
			"rotation": {"angle": 0, "axis": "y", "origin": [8.025, 0.5, 8]},
			"faces": {
				"north": {"uv": [10.688, 0, 15.655, 0.907], "rotation": 90, "texture": "#2_1"},
				"east": {"uv": [10.688, 0, 15.655, 0.907], "rotation": 90, "texture": "#2_1"},
				"south": {"uv": [10.688, 0, 15.655, 0.907], "rotation": 90, "texture": "#2_1"},
				"west": {"uv": [10.688, 0, 15.655, 0.907], "rotation": 90, "texture": "#2_1"},
				"up": {"uv": [10.688, 0, 15.655, 0.907], "rotation": 270, "texture": "#2_1"},
				"down": {"uv": [10.688, 0, 15.655, 0.907], "rotation": 270, "texture": "#2_1"}
			}
		},
		{
			"from": [7.5, 0.85, 6.925],
			"to": [8.5, 0.85, 11.475],
			"rotation": {"angle": 0, "axis": "y", "origin": [8.025, 0.5, 4.4]},
			"faces": {
				"north": {"uv": [10.688, 0, 15.655, 0.907], "rotation": 90, "texture": "#2_1"},
				"east": {"uv": [10.688, 0, 15.655, 0.907], "rotation": 90, "texture": "#2_1"},
				"south": {"uv": [10.688, 0, 15.655, 0.907], "rotation": 90, "texture": "#2_1"},
				"west": {"uv": [10.688, 0, 15.655, 0.907], "rotation": 90, "texture": "#2_1"},
				"up": {"uv": [10.688, 0, 15.655, 0.907], "rotation": 270, "texture": "#2_1"},
				"down": {"uv": [10.688, 0, 15.655, 0.907], "rotation": 270, "texture": "#2_1"}
			}
		},
		{
			"from": [7.5, 0.85, 2.425],
			"to": [8.5, 0.85, 6.975],
			"rotation": {"angle": 0, "axis": "y", "origin": [8.025, 0.5, -0.1]},
			"faces": {
				"north": {"uv": [10.688, 0, 15.655, 0.907], "rotation": 90, "texture": "#2_1"},
				"east": {"uv": [10.688, 0, 15.655, 0.907], "rotation": 90, "texture": "#2_1"},
				"south": {"uv": [10.688, 0, 15.655, 0.907], "rotation": 90, "texture": "#2_1"},
				"west": {"uv": [10.688, 0, 15.655, 0.907], "rotation": 90, "texture": "#2_1"},
				"up": {"uv": [10.688, 0, 15.655, 0.907], "rotation": 270, "texture": "#2_1"},
				"down": {"uv": [10.688, 0, 15.655, 0.907], "rotation": 270, "texture": "#2_1"}
			}
		},
		{
			"from": [7.5, 0.95, 11.475],
			"to": [8.5, 0.95, 16.025],
			"rotation": {"angle": 0, "axis": "y", "origin": [8.025, 0.5, 8]},
			"faces": {
				"north": {"uv": [6.758, 0, 16, 0.907], "texture": "#missing"},
				"east": {"uv": [6.758, 0, 16, 0.907], "texture": "#missing"},
				"south": {"uv": [6.758, 0, 16, 0.907], "texture": "#missing"},
				"west": {"uv": [6.758, 0, 16, 0.907], "texture": "#missing"},
				"up": {"uv": [10.688, 0, 15.655, 0.907], "rotation": 270, "texture": "#2", "tintindex": 0},
				"down": {"uv": [6.758, 0, 16, 0.907], "rotation": 90, "texture": "#2", "tintindex": 0}
			}
		},
		{
			"from": [7.5, 0.95, 6.925],
			"to": [8.5, 0.95, 11.475],
			"rotation": {"angle": 0, "axis": "y", "origin": [8.025, 0.5, 4.4]},
			"faces": {
				"north": {"uv": [6.758, 0, 16, 0.907], "texture": "#missing"},
				"east": {"uv": [6.758, 0, 16, 0.907], "texture": "#missing"},
				"south": {"uv": [6.758, 0, 16, 0.907], "texture": "#missing"},
				"west": {"uv": [6.758, 0, 16, 0.907], "texture": "#missing"},
				"up": {"uv": [10.688, 0, 15.655, 0.907], "rotation": 270, "texture": "#2", "tintindex": 0},
				"down": {"uv": [6.758, 0, 16, 0.907], "rotation": 90, "texture": "#2", "tintindex": 0}
			}
		},
		{
			"from": [7.5, 0.95, 2.425],
			"to": [8.5, 0.95, 6.975],
			"rotation": {"angle": 0, "axis": "y", "origin": [8.025, 0.5, -0.1]},
			"faces": {
				"north": {"uv": [6.758, 0, 16, 0.907], "texture": "#missing"},
				"east": {"uv": [6.758, 0, 16, 0.907], "texture": "#missing"},
				"south": {"uv": [6.758, 0, 16, 0.907], "texture": "#missing"},
				"west": {"uv": [6.758, 0, 16, 0.907], "texture": "#missing"},
				"up": {"uv": [10.688, 0, 15.655, 0.907], "rotation": 270, "texture": "#2", "tintindex": 0},
				"down": {"uv": [6.758, 0, 16, 0.907], "rotation": 90, "texture": "#2", "tintindex": 0}
			}
		},
		{
			"from": [7.5, 0.85, 0],
			"to": [8.5, 0.85, 2.425],
			"rotation": {"angle": 0, "axis": "y", "origin": [8.025, 0.5, -4.6]},
			"faces": {
				"north": {"uv": [13.688, 0, 15.998, 0.907], "rotation": 270, "texture": "#2_1"},
				"east": {"uv": [13.688, 0, 15.998, 0.907], "rotation": 270, "texture": "#2_1"},
				"south": {"uv": [13.688, 0, 15.998, 0.907], "rotation": 270, "texture": "#2_1"},
				"west": {"uv": [13.688, 0, 15.998, 0.907], "rotation": 270, "texture": "#2_1"},
				"up": {"uv": [13.688, 0, 15.998, 0.907], "rotation": 270, "texture": "#2_1"},
				"down": {"uv": [13.688, 0, 15.998, 0.907], "rotation": 270, "texture": "#2_1"}
			}
		},
		{
			"from": [7.5, 0.75, 0],
			"to": [8.5, 0.75, 2.425],
			"rotation": {"angle": 0, "axis": "y", "origin": [8.025, 0.5, -4.6]},
			"faces": {
				"north": {"uv": [13.688, 0, 15.998, 0.907], "rotation": 270, "texture": "#2_1"},
				"east": {"uv": [13.688, 0, 15.998, 0.907], "rotation": 270, "texture": "#2_1"},
				"south": {"uv": [13.688, 0, 15.998, 0.907], "rotation": 270, "texture": "#2_1"},
				"west": {"uv": [13.688, 0, 15.998, 0.907], "rotation": 270, "texture": "#2_1"},
				"up": {"uv": [13.688, 0, 15.998, 0.907], "rotation": 270, "texture": "#2_1"},
				"down": {"uv": [13.688, 0, 15.998, 0.907], "rotation": 270, "texture": "#2_1"}
			}
		},
		{
			"from": [7.5, 0.65, 0],
			"to": [8.5, 0.65, 2.425],
			"rotation": {"angle": 0, "axis": "y", "origin": [8.025, 0.5, -4.6]},
			"faces": {
				"north": {"uv": [13.688, 0, 15.998, 0.907], "rotation": 270, "texture": "#2_1"},
				"east": {"uv": [13.688, 0, 15.998, 0.907], "rotation": 270, "texture": "#2_1"},
				"south": {"uv": [13.688, 0, 15.998, 0.907], "rotation": 270, "texture": "#2_1"},
				"west": {"uv": [13.688, 0, 15.998, 0.907], "rotation": 270, "texture": "#2_1"},
				"up": {"uv": [13.688, 0, 15.998, 0.907], "rotation": 270, "texture": "#2_1"},
				"down": {"uv": [13.688, 0, 15.998, 0.907], "rotation": 270, "texture": "#2_1"}
			}
		},
		{
			"from": [7.5, 0.55, 0],
			"to": [8.5, 0.55, 2.425],
			"rotation": {"angle": 0, "axis": "y", "origin": [8.025, 0.5, -4.6]},
			"faces": {
				"north": {"uv": [13.688, 0, 15.998, 0.907], "rotation": 270, "texture": "#2_1"},
				"east": {"uv": [13.688, 0, 15.998, 0.907], "rotation": 270, "texture": "#2_1"},
				"south": {"uv": [13.688, 0, 15.998, 0.907], "rotation": 270, "texture": "#2_1"},
				"west": {"uv": [13.688, 0, 15.998, 0.907], "rotation": 270, "texture": "#2_1"},
				"up": {"uv": [13.688, 0, 15.998, 0.907], "rotation": 270, "texture": "#2_1"},
				"down": {"uv": [13.688, 0, 15.998, 0.907], "rotation": 270, "texture": "#2_1"}
			}
		},
		{
			"from": [7.5, 0.45, 0],
			"to": [8.5, 0.45, 2.425],
			"rotation": {"angle": 0, "axis": "y", "origin": [8.025, 0.5, -4.6]},
			"faces": {
				"north": {"uv": [13.688, 0, 15.998, 0.907], "rotation": 270, "texture": "#2_1"},
				"east": {"uv": [13.688, 0, 15.998, 0.907], "rotation": 270, "texture": "#2_1"},
				"south": {"uv": [13.688, 0, 15.998, 0.907], "rotation": 270, "texture": "#2_1"},
				"west": {"uv": [13.688, 0, 15.998, 0.907], "rotation": 270, "texture": "#2_1"},
				"up": {"uv": [13.688, 0, 15.998, 0.907], "rotation": 270, "texture": "#2_1"},
				"down": {"uv": [13.688, 0, 15.998, 0.907], "rotation": 270, "texture": "#2_1"}
			}
		},
		{
			"from": [7.5, 0.35, 0],
			"to": [8.5, 0.35, 2.425],
			"rotation": {"angle": 0, "axis": "y", "origin": [8.025, 0.5, -4.6]},
			"faces": {
				"north": {"uv": [13.688, 0, 15.998, 0.907], "rotation": 270, "texture": "#2_1"},
				"east": {"uv": [13.688, 0, 15.998, 0.907], "rotation": 270, "texture": "#2_1"},
				"south": {"uv": [13.688, 0, 15.998, 0.907], "rotation": 270, "texture": "#2_1"},
				"west": {"uv": [13.688, 0, 15.998, 0.907], "rotation": 270, "texture": "#2_1"},
				"up": {"uv": [13.688, 0, 15.998, 0.907], "rotation": 270, "texture": "#2_1"},
				"down": {"uv": [13.688, 0, 15.998, 0.907], "rotation": 270, "texture": "#2_1"}
			}
		},
		{
			"from": [7.5, 0.25, 0],
			"to": [8.5, 0.25, 2.425],
			"rotation": {"angle": 0, "axis": "y", "origin": [8.025, 0.5, -4.6]},
			"faces": {
				"north": {"uv": [13.688, 0, 15.998, 0.907], "rotation": 270, "texture": "#2_1"},
				"east": {"uv": [13.688, 0, 15.998, 0.907], "rotation": 270, "texture": "#2_1"},
				"south": {"uv": [13.688, 0, 15.998, 0.907], "rotation": 270, "texture": "#2_1"},
				"west": {"uv": [13.688, 0, 15.998, 0.907], "rotation": 270, "texture": "#2_1"},
				"up": {"uv": [13.688, 0, 15.998, 0.907], "rotation": 270, "texture": "#2_1"},
				"down": {"uv": [13.688, 0, 15.998, 0.907], "rotation": 270, "texture": "#2_1"}
			}
		},
		{
			"from": [7.5, 0.15, 0],
			"to": [8.5, 0.15, 2.425],
			"rotation": {"angle": 0, "axis": "y", "origin": [8.025, 0.5, -4.6]},
			"faces": {
				"north": {"uv": [13.688, 0, 15.998, 0.907], "rotation": 270, "texture": "#2_1"},
				"east": {"uv": [13.688, 0, 15.998, 0.907], "rotation": 270, "texture": "#2_1"},
				"south": {"uv": [13.688, 0, 15.998, 0.907], "rotation": 270, "texture": "#2_1"},
				"west": {"uv": [13.688, 0, 15.998, 0.907], "rotation": 270, "texture": "#2_1"},
				"up": {"uv": [13.688, 0, 15.998, 0.907], "rotation": 270, "texture": "#2_1"},
				"down": {"uv": [13.688, 0, 15.998, 0.907], "rotation": 270, "texture": "#2_1"}
			}
		},
		{
			"from": [7.5, 0.05, 0],
			"to": [8.5, 0.05, 2.425],
			"rotation": {"angle": 0, "axis": "y", "origin": [8.025, 0.5, -4.6]},
			"faces": {
				"north": {"uv": [13.688, 0, 15.998, 0.907], "rotation": 270, "texture": "#2_1"},
				"east": {"uv": [13.688, 0, 15.998, 0.907], "rotation": 270, "texture": "#2_1"},
				"south": {"uv": [13.688, 0, 15.998, 0.907], "rotation": 270, "texture": "#2_1"},
				"west": {"uv": [13.688, 0, 15.998, 0.907], "rotation": 270, "texture": "#2_1"},
				"up": {"uv": [13.688, 0, 15.998, 0.907], "rotation": 270, "texture": "#2_1"},
				"down": {"uv": [13.688, 0, 15.998, 0.907], "rotation": 270, "texture": "#2_1"}
			}
		},
		{
			"from": [7.5, 0.95, 0],
			"to": [8.5, 0.95, 2.425],
			"rotation": {"angle": 0, "axis": "y", "origin": [8.025, 0.5, -4.6]},
			"faces": {
				"north": {"uv": [6.758, 0, 16, 0.907], "texture": "#missing"},
				"east": {"uv": [6.758, 0, 16, 0.907], "texture": "#missing"},
				"south": {"uv": [6.758, 0, 16, 0.907], "texture": "#missing"},
				"west": {"uv": [6.758, 0, 16, 0.907], "texture": "#missing"},
				"up": {"uv": [13.688, 0, 15.998, 0.938], "rotation": 270, "texture": "#2", "tintindex": 0},
				"down": {"uv": [6.758, 0, 16, 0.907], "rotation": 90, "texture": "#2", "tintindex": 0}
			}
		}
	],
	"groups": [
		{
			"name": "wire",
			"origin": [8, 8, 8],
			"children": [
				{
					"name": "wire",
					"origin": [8, 8, 8],
					"children": [0, 1, 2, 3, 4, 5, 6, 7, 8, 9, 10, 11, 12, 13, 14, 15, 16, 17, 18, 19, 20, 21, 22, 23, 24, 25, 26, 27, 28, 29, 30, 31, 32, 33, 34, 35, 36, 37, 38, 39]
				}
			]
		}
	]
}