{
	"credit": "Made with Blockbench",
	"textures": {
		"2": "block/cmodels/wire_on",
		"3": "block/cmodels/plug_connector",
		"4": "block/cmodels/female",
		"2_1": "block/cmodels/wire_off",
		"particle": "block/cmodels/wire_black"
	},
	"elements": [
		{
			"from": [11.5, 0.65, 7.5],
			"to": [16.05, 0.65, 8.5],
			"rotation": {"angle": 0, "axis": "y", "origin": [8.025, 0.5, 8]},
			"faces": {
				"north": {"uv": [10.688, 0, 15.655, 0.907], "rotation": 90, "texture": "#2_1"},
				"east": {"uv": [10.688, 0, 15.655, 0.907], "rotation": 90, "texture": "#2_1"},
				"south": {"uv": [10.688, 0, 15.655, 0.907], "rotation": 90, "texture": "#2_1"},
				"west": {"uv": [10.688, 0, 15.655, 0.907], "rotation": 90, "texture": "#2_1"},
				"up": {"uv": [10.688, 0, 15.655, 0.907], "rotation": 180, "texture": "#2_1"},
				"down": {"uv": [10.688, 0, 15.655, 0.907], "texture": "#2_1"}
			}
		},
		{
			"from": [6.95, 0.65, 7.5],
			"to": [11.5, 0.65, 8.5],
			"rotation": {"angle": 0, "axis": "y", "origin": [8.025, 0.5, 8]},
			"faces": {
				"north": {"uv": [10.688, 0, 15.655, 0.907], "rotation": 90, "texture": "#2_1"},
				"east": {"uv": [10.688, 0, 15.655, 0.907], "rotation": 90, "texture": "#2_1"},
				"south": {"uv": [10.688, 0, 15.655, 0.907], "rotation": 90, "texture": "#2_1"},
				"west": {"uv": [10.688, 0, 15.655, 0.907], "rotation": 90, "texture": "#2_1"},
				"up": {"uv": [10.688, 0, 15.655, 0.907], "rotation": 180, "texture": "#2_1"},
				"down": {"uv": [10.688, 0, 15.655, 0.907], "texture": "#2_1"}
			}
		},
		{
			"from": [3.45, 0.65, 7.5],
			"to": [7, 0.65, 8.5],
			"rotation": {"angle": 0, "axis": "y", "origin": [8.025, 0.5, 8]},
			"faces": {
				"north": {"uv": [10.688, 0, 15.655, 0.907], "rotation": 90, "texture": "#2_1"},
				"east": {"uv": [10.688, 0, 15.655, 0.907], "rotation": 90, "texture": "#2_1"},
				"south": {"uv": [10.688, 0, 15.655, 0.907], "rotation": 90, "texture": "#2_1"},
				"west": {"uv": [10.688, 0, 15.655, 0.907], "rotation": 90, "texture": "#2_1"},
				"up": {"uv": [11.594, 0, 15.654, 0.907], "rotation": 180, "texture": "#2_1"},
				"down": {"uv": [10.688, 0, 15.655, 0.907], "texture": "#2_1"}
			}
		},
		{
			"from": [11.5, 0.55, 7.5],
			"to": [16.05, 0.55, 8.5],
			"rotation": {"angle": 0, "axis": "y", "origin": [8.025, 0.5, 8]},
			"faces": {
				"north": {"uv": [10.688, 0, 15.655, 0.907], "rotation": 90, "texture": "#2_1"},
				"east": {"uv": [10.688, 0, 15.655, 0.907], "rotation": 90, "texture": "#2_1"},
				"south": {"uv": [10.688, 0, 15.655, 0.907], "rotation": 90, "texture": "#2_1"},
				"west": {"uv": [10.688, 0, 15.655, 0.907], "rotation": 90, "texture": "#2_1"},
				"up": {"uv": [10.688, 0, 15.655, 0.907], "rotation": 180, "texture": "#2_1"},
				"down": {"uv": [10.688, 0, 15.655, 0.907], "texture": "#2_1"}
			}
		},
		{
			"from": [6.95, 0.55, 7.5],
			"to": [11.5, 0.55, 8.5],
			"rotation": {"angle": 0, "axis": "y", "origin": [8.025, 0.5, 8]},
			"faces": {
				"north": {"uv": [10.688, 0, 15.655, 0.907], "rotation": 90, "texture": "#2_1"},
				"east": {"uv": [10.688, 0, 15.655, 0.907], "rotation": 90, "texture": "#2_1"},
				"south": {"uv": [10.688, 0, 15.655, 0.907], "rotation": 90, "texture": "#2_1"},
				"west": {"uv": [10.688, 0, 15.655, 0.907], "rotation": 90, "texture": "#2_1"},
				"up": {"uv": [10.688, 0, 15.655, 0.907], "rotation": 180, "texture": "#2_1"},
				"down": {"uv": [10.688, 0, 15.655, 0.907], "texture": "#2_1"}
			}
		},
		{
			"from": [3.45, 0.55, 7.5],
			"to": [7, 0.55, 8.5],
			"rotation": {"angle": 0, "axis": "y", "origin": [8.025, 0.5, 8]},
			"faces": {
				"north": {"uv": [10.688, 0, 15.655, 0.907], "rotation": 90, "texture": "#2_1"},
				"east": {"uv": [10.688, 0, 15.655, 0.907], "rotation": 90, "texture": "#2_1"},
				"south": {"uv": [10.688, 0, 15.655, 0.907], "rotation": 90, "texture": "#2_1"},
				"west": {"uv": [10.688, 0, 15.655, 0.907], "rotation": 90, "texture": "#2_1"},
				"up": {"uv": [11.594, 0, 15.654, 0.907], "rotation": 180, "texture": "#2_1"},
				"down": {"uv": [10.688, 0, 15.655, 0.907], "texture": "#2_1"}
			}
		},
		{
			"from": [11.5, 0.45, 7.5],
			"to": [16.05, 0.45, 8.5],
			"rotation": {"angle": 0, "axis": "y", "origin": [8.025, 0.5, 8]},
			"faces": {
				"north": {"uv": [10.688, 0, 15.655, 0.907], "rotation": 90, "texture": "#2_1"},
				"east": {"uv": [10.688, 0, 15.655, 0.907], "rotation": 90, "texture": "#2_1"},
				"south": {"uv": [10.688, 0, 15.655, 0.907], "rotation": 90, "texture": "#2_1"},
				"west": {"uv": [10.688, 0, 15.655, 0.907], "rotation": 90, "texture": "#2_1"},
				"up": {"uv": [10.688, 0, 15.655, 0.907], "rotation": 180, "texture": "#2_1"},
				"down": {"uv": [10.688, 0, 15.655, 0.907], "texture": "#2_1"}
			}
		},
		{
			"from": [6.95, 0.45, 7.5],
			"to": [11.5, 0.45, 8.5],
			"rotation": {"angle": 0, "axis": "y", "origin": [8.025, 0.5, 8]},
			"faces": {
				"north": {"uv": [10.688, 0, 15.655, 0.907], "rotation": 90, "texture": "#2_1"},
				"east": {"uv": [10.688, 0, 15.655, 0.907], "rotation": 90, "texture": "#2_1"},
				"south": {"uv": [10.688, 0, 15.655, 0.907], "rotation": 90, "texture": "#2_1"},
				"west": {"uv": [10.688, 0, 15.655, 0.907], "rotation": 90, "texture": "#2_1"},
				"up": {"uv": [10.688, 0, 15.655, 0.907], "rotation": 180, "texture": "#2_1"},
				"down": {"uv": [10.688, 0, 15.655, 0.907], "texture": "#2_1"}
			}
		},
		{
			"from": [3.45, 0.45, 7.5],
			"to": [7, 0.45, 8.5],
			"rotation": {"angle": 0, "axis": "y", "origin": [8.025, 0.5, 8]},
			"faces": {
				"north": {"uv": [10.688, 0, 15.655, 0.907], "rotation": 90, "texture": "#2_1"},
				"east": {"uv": [10.688, 0, 15.655, 0.907], "rotation": 90, "texture": "#2_1"},
				"south": {"uv": [10.688, 0, 15.655, 0.907], "rotation": 90, "texture": "#2_1"},
				"west": {"uv": [10.688, 0, 15.655, 0.907], "rotation": 90, "texture": "#2_1"},
				"up": {"uv": [11.594, 0, 15.654, 0.907], "rotation": 180, "texture": "#2_1"},
				"down": {"uv": [10.688, 0, 15.655, 0.907], "texture": "#2_1"}
			}
		},
		{
			"from": [11.5, 0.35, 7.5],
			"to": [16.05, 0.35, 8.5],
			"rotation": {"angle": 0, "axis": "y", "origin": [8.025, 0.5, 8]},
			"faces": {
				"north": {"uv": [10.688, 0, 15.655, 0.907], "rotation": 90, "texture": "#2_1"},
				"east": {"uv": [10.688, 0, 15.655, 0.907], "rotation": 90, "texture": "#2_1"},
				"south": {"uv": [10.688, 0, 15.655, 0.907], "rotation": 90, "texture": "#2_1"},
				"west": {"uv": [10.688, 0, 15.655, 0.907], "rotation": 90, "texture": "#2_1"},
				"up": {"uv": [10.688, 0, 15.655, 0.907], "rotation": 180, "texture": "#2_1"},
				"down": {"uv": [10.688, 0, 15.655, 0.907], "texture": "#2_1"}
			}
		},
		{
			"from": [6.95, 0.35, 7.5],
			"to": [11.5, 0.35, 8.5],
			"rotation": {"angle": 0, "axis": "y", "origin": [8.025, 0.5, 8]},
			"faces": {
				"north": {"uv": [10.688, 0, 15.655, 0.907], "rotation": 90, "texture": "#2_1"},
				"east": {"uv": [10.688, 0, 15.655, 0.907], "rotation": 90, "texture": "#2_1"},
				"south": {"uv": [10.688, 0, 15.655, 0.907], "rotation": 90, "texture": "#2_1"},
				"west": {"uv": [10.688, 0, 15.655, 0.907], "rotation": 90, "texture": "#2_1"},
				"up": {"uv": [10.688, 0, 15.655, 0.907], "rotation": 180, "texture": "#2_1"},
				"down": {"uv": [10.688, 0, 15.655, 0.907], "texture": "#2_1"}
			}
		},
		{
			"from": [3.45, 0.35, 7.5],
			"to": [7, 0.35, 8.5],
			"rotation": {"angle": 0, "axis": "y", "origin": [8.025, 0.5, 8]},
			"faces": {
				"north": {"uv": [10.688, 0, 15.655, 0.907], "rotation": 90, "texture": "#2_1"},
				"east": {"uv": [10.688, 0, 15.655, 0.907], "rotation": 90, "texture": "#2_1"},
				"south": {"uv": [10.688, 0, 15.655, 0.907], "rotation": 90, "texture": "#2_1"},
				"west": {"uv": [10.688, 0, 15.655, 0.907], "rotation": 90, "texture": "#2_1"},
				"up": {"uv": [11.594, 0, 15.654, 0.907], "rotation": 180, "texture": "#2_1"},
				"down": {"uv": [10.688, 0, 15.655, 0.907], "texture": "#2_1"}
			}
		},
		{
			"from": [11.5, 0.25, 7.5],
			"to": [16.05, 0.25, 8.5],
			"rotation": {"angle": 0, "axis": "y", "origin": [8.025, 0.5, 8]},
			"faces": {
				"north": {"uv": [10.688, 0, 15.655, 0.907], "rotation": 90, "texture": "#2_1"},
				"east": {"uv": [10.688, 0, 15.655, 0.907], "rotation": 90, "texture": "#2_1"},
				"south": {"uv": [10.688, 0, 15.655, 0.907], "rotation": 90, "texture": "#2_1"},
				"west": {"uv": [10.688, 0, 15.655, 0.907], "rotation": 90, "texture": "#2_1"},
				"up": {"uv": [10.688, 0, 15.655, 0.907], "rotation": 180, "texture": "#2_1"},
				"down": {"uv": [10.688, 0, 15.655, 0.907], "texture": "#2_1"}
			}
		},
		{
			"from": [6.95, 0.25, 7.5],
			"to": [11.5, 0.25, 8.5],
			"rotation": {"angle": 0, "axis": "y", "origin": [8.025, 0.5, 8]},
			"faces": {
				"north": {"uv": [10.688, 0, 15.655, 0.907], "rotation": 90, "texture": "#2_1"},
				"east": {"uv": [10.688, 0, 15.655, 0.907], "rotation": 90, "texture": "#2_1"},
				"south": {"uv": [10.688, 0, 15.655, 0.907], "rotation": 90, "texture": "#2_1"},
				"west": {"uv": [10.688, 0, 15.655, 0.907], "rotation": 90, "texture": "#2_1"},
				"up": {"uv": [10.688, 0, 15.655, 0.907], "rotation": 180, "texture": "#2_1"},
				"down": {"uv": [10.688, 0, 15.655, 0.907], "texture": "#2_1"}
			}
		},
		{
			"from": [3.45, 0.25, 7.5],
			"to": [7, 0.25, 8.5],
			"rotation": {"angle": 0, "axis": "y", "origin": [8.025, 0.5, 8]},
			"faces": {
				"north": {"uv": [10.688, 0, 15.655, 0.907], "rotation": 90, "texture": "#2_1"},
				"east": {"uv": [10.688, 0, 15.655, 0.907], "rotation": 90, "texture": "#2_1"},
				"south": {"uv": [10.688, 0, 15.655, 0.907], "rotation": 90, "texture": "#2_1"},
				"west": {"uv": [10.688, 0, 15.655, 0.907], "rotation": 90, "texture": "#2_1"},
				"up": {"uv": [11.594, 0, 15.654, 0.907], "rotation": 180, "texture": "#2_1"},
				"down": {"uv": [10.688, 0, 15.655, 0.907], "texture": "#2_1"}
			}
		},
		{
			"from": [11.5, 0.15, 7.5],
			"to": [16.05, 0.15, 8.5],
			"rotation": {"angle": 0, "axis": "y", "origin": [8.025, 0.5, 8]},
			"faces": {
				"north": {"uv": [10.688, 0, 15.655, 0.907], "rotation": 90, "texture": "#2_1"},
				"east": {"uv": [10.688, 0, 15.655, 0.907], "rotation": 90, "texture": "#2_1"},
				"south": {"uv": [10.688, 0, 15.655, 0.907], "rotation": 90, "texture": "#2_1"},
				"west": {"uv": [10.688, 0, 15.655, 0.907], "rotation": 90, "texture": "#2_1"},
				"up": {"uv": [10.688, 0, 15.655, 0.907], "rotation": 180, "texture": "#2_1"},
				"down": {"uv": [10.688, 0, 15.655, 0.907], "texture": "#2_1"}
			}
		},
		{
			"from": [6.95, 0.15, 7.5],
			"to": [11.5, 0.15, 8.5],
			"rotation": {"angle": 0, "axis": "y", "origin": [8.025, 0.5, 8]},
			"faces": {
				"north": {"uv": [10.688, 0, 15.655, 0.907], "rotation": 90, "texture": "#2_1"},
				"east": {"uv": [10.688, 0, 15.655, 0.907], "rotation": 90, "texture": "#2_1"},
				"south": {"uv": [10.688, 0, 15.655, 0.907], "rotation": 90, "texture": "#2_1"},
				"west": {"uv": [10.688, 0, 15.655, 0.907], "rotation": 90, "texture": "#2_1"},
				"up": {"uv": [10.688, 0, 15.655, 0.907], "rotation": 180, "texture": "#2_1"},
				"down": {"uv": [10.688, 0, 15.655, 0.907], "texture": "#2_1"}
			}
		},
		{
			"from": [3.45, 0.15, 7.5],
			"to": [7, 0.15, 8.5],
			"rotation": {"angle": 0, "axis": "y", "origin": [8.025, 0.5, 8]},
			"faces": {
				"north": {"uv": [10.688, 0, 15.655, 0.907], "rotation": 90, "texture": "#2_1"},
				"east": {"uv": [10.688, 0, 15.655, 0.907], "rotation": 90, "texture": "#2_1"},
				"south": {"uv": [10.688, 0, 15.655, 0.907], "rotation": 90, "texture": "#2_1"},
				"west": {"uv": [10.688, 0, 15.655, 0.907], "rotation": 90, "texture": "#2_1"},
				"up": {"uv": [11.594, 0, 15.654, 0.907], "rotation": 180, "texture": "#2_1"},
				"down": {"uv": [10.688, 0, 15.655, 0.907], "texture": "#2_1"}
			}
		},
		{
			"from": [11.5, 0.05, 7.5],
			"to": [16.05, 0.05, 8.5],
			"rotation": {"angle": 0, "axis": "y", "origin": [8.025, 0.5, 8]},
			"faces": {
				"north": {"uv": [10.688, 0, 15.655, 0.907], "rotation": 90, "texture": "#2_1"},
				"east": {"uv": [10.688, 0, 15.655, 0.907], "rotation": 90, "texture": "#2_1"},
				"south": {"uv": [10.688, 0, 15.655, 0.907], "rotation": 90, "texture": "#2_1"},
				"west": {"uv": [10.688, 0, 15.655, 0.907], "rotation": 90, "texture": "#2_1"},
				"up": {"uv": [10.688, 0, 15.655, 0.907], "rotation": 180, "texture": "#2_1"},
				"down": {"uv": [10.688, 0, 15.655, 0.907], "texture": "#2_1"}
			}
		},
		{
			"from": [6.95, 0.05, 7.5],
			"to": [11.5, 0.05, 8.5],
			"rotation": {"angle": 0, "axis": "y", "origin": [8.025, 0.5, 8]},
			"faces": {
				"north": {"uv": [10.688, 0, 15.655, 0.907], "rotation": 90, "texture": "#2_1"},
				"east": {"uv": [10.688, 0, 15.655, 0.907], "rotation": 90, "texture": "#2_1"},
				"south": {"uv": [10.688, 0, 15.655, 0.907], "rotation": 90, "texture": "#2_1"},
				"west": {"uv": [10.688, 0, 15.655, 0.907], "rotation": 90, "texture": "#2_1"},
				"up": {"uv": [10.688, 0, 15.655, 0.907], "rotation": 180, "texture": "#2_1"},
				"down": {"uv": [10.688, 0, 15.655, 0.907], "texture": "#2_1"}
			}
		},
		{
			"from": [3.45, 0.05, 7.5],
			"to": [7, 0.05, 8.5],
			"rotation": {"angle": 0, "axis": "y", "origin": [8.025, 0.5, 8]},
			"faces": {
				"north": {"uv": [10.688, 0, 15.655, 0.907], "rotation": 90, "texture": "#2_1"},
				"east": {"uv": [10.688, 0, 15.655, 0.907], "rotation": 90, "texture": "#2_1"},
				"south": {"uv": [10.688, 0, 15.655, 0.907], "rotation": 90, "texture": "#2_1"},
				"west": {"uv": [10.688, 0, 15.655, 0.907], "rotation": 90, "texture": "#2_1"},
				"up": {"uv": [11.594, 0, 15.654, 0.907], "rotation": 180, "texture": "#2_1"},
				"down": {"uv": [10.688, 0, 15.655, 0.907], "texture": "#2_1"}
			}
		},
		{
			"from": [11.5, 0.75, 7.5],
			"to": [16.05, 0.75, 8.5],
			"rotation": {"angle": 0, "axis": "y", "origin": [8.025, 0.5, 8]},
			"faces": {
				"north": {"uv": [10.688, 0, 15.655, 0.907], "rotation": 90, "texture": "#2_1"},
				"east": {"uv": [10.688, 0, 15.655, 0.907], "rotation": 90, "texture": "#2_1"},
				"south": {"uv": [10.688, 0, 15.655, 0.907], "rotation": 90, "texture": "#2_1"},
				"west": {"uv": [10.688, 0, 15.655, 0.907], "rotation": 90, "texture": "#2_1"},
				"up": {"uv": [10.688, 0, 15.655, 0.907], "rotation": 180, "texture": "#2_1"},
				"down": {"uv": [10.688, 0, 15.655, 0.907], "texture": "#2_1"}
			}
		},
		{
			"from": [6.95, 0.75, 7.5],
			"to": [11.5, 0.75, 8.5],
			"rotation": {"angle": 0, "axis": "y", "origin": [8.025, 0.5, 8]},
			"faces": {
				"north": {"uv": [10.688, 0, 15.655, 0.907], "rotation": 90, "texture": "#2_1"},
				"east": {"uv": [10.688, 0, 15.655, 0.907], "rotation": 90, "texture": "#2_1"},
				"south": {"uv": [10.688, 0, 15.655, 0.907], "rotation": 90, "texture": "#2_1"},
				"west": {"uv": [10.688, 0, 15.655, 0.907], "rotation": 90, "texture": "#2_1"},
				"up": {"uv": [10.688, 0, 15.655, 0.907], "rotation": 180, "texture": "#2_1"},
				"down": {"uv": [10.688, 0, 15.655, 0.907], "texture": "#2_1"}
			}
		},
		{
			"from": [3.45, 0.75, 7.5],
			"to": [7, 0.75, 8.5],
			"rotation": {"angle": 0, "axis": "y", "origin": [8.025, 0.5, 8]},
			"faces": {
				"north": {"uv": [10.688, 0, 15.655, 0.907], "rotation": 90, "texture": "#2_1"},
				"east": {"uv": [10.688, 0, 15.655, 0.907], "rotation": 90, "texture": "#2_1"},
				"south": {"uv": [10.688, 0, 15.655, 0.907], "rotation": 90, "texture": "#2_1"},
				"west": {"uv": [10.688, 0, 15.655, 0.907], "rotation": 90, "texture": "#2_1"},
				"up": {"uv": [11.594, 0, 15.654, 0.907], "rotation": 180, "texture": "#2_1"},
				"down": {"uv": [10.688, 0, 15.655, 0.907], "texture": "#2_1"}
			}
		},
		{
			"from": [1.75, 0.05, 7.445],
			"to": [4, 1.05, 8.595],
			"rotation": {"angle": 0, "axis": "y", "origin": [8.025, 0.5, 8]},
			"faces": {
				"north": {"uv": [10.688, 0, 15.655, 0.907], "rotation": 90, "texture": "#particle"},
				"east": {"uv": [10.688, 0, 15.655, 0.907], "rotation": 90, "texture": "#particle"},
				"south": {"uv": [10.688, 0, 15.655, 0.907], "rotation": 90, "texture": "#particle"},
				"west": {"uv": [10.688, 0, 15.655, 0.907], "rotation": 90, "texture": "#particle"},
				"up": {"uv": [10.688, 0, 15.655, 0.907], "rotation": 90, "texture": "#particle"},
				"down": {"uv": [10.688, 0, 15.655, 0.907], "rotation": 90, "texture": "#particle"}
			}
		},
		{
			"from": [0.55, 1.25, 7.145],
			"to": [2.7, 1.25, 8.895],
			"rotation": {"angle": 0, "axis": "y", "origin": [8.025, 0.5, 8]},
			"faces": {
				"north": {"uv": [1.954, 0, 14.387, 15.985], "rotation": 90, "texture": "#3"},
				"east": {"uv": [1.954, 0, 14.387, 15.985], "rotation": 90, "texture": "#3"},
				"south": {"uv": [1.954, 0, 14.387, 15.985], "rotation": 90, "texture": "#3"},
				"west": {"uv": [1.954, 0, 14.387, 15.985], "rotation": 90, "texture": "#3"},
				"up": {"uv": [1.954, 0, 14.387, 15.985], "rotation": 90, "texture": "#3"},
				"down": {"uv": [1.954, 0, 14.387, 15.985], "rotation": 90, "texture": "#3"}
			}
		},
		{
			"from": [0.05, -0.05, 7.045],
			"to": [0.6, 1.35, 8.995],
			"rotation": {"angle": 0, "axis": "y", "origin": [8.025, 0.5, 8]},
			"faces": {
				"north": {"uv": [1.954, 0, 14.387, 15.985], "rotation": 90, "texture": "#particle"},
				"east": {"uv": [1.954, 0, 14.387, 15.985], "rotation": 90, "texture": "#particle"},
				"south": {"uv": [1.954, 0, 14.387, 15.985], "rotation": 90, "texture": "#particle"},
				"west": {"uv": [0, 2, 15.433, 13.985], "rotation": 180, "texture": "#4"},
				"up": {"uv": [1.954, 0, 14.387, 15.985], "rotation": 180, "texture": "#particle"},
				"down": {"uv": [1.954, 0, 14.387, 15.985], "rotation": 90, "texture": "#particle"}
			}
		},
		{
			"from": [0.55, 1.15, 7.145],
			"to": [2.7, 1.15, 8.895],
			"rotation": {"angle": 0, "axis": "y", "origin": [8.025, 0.5, 8]},
			"faces": {
				"north": {"uv": [1.954, 0, 14.387, 15.985], "rotation": 90, "texture": "#3"},
				"east": {"uv": [1.954, 0, 14.387, 15.985], "rotation": 90, "texture": "#3"},
				"south": {"uv": [1.954, 0, 14.387, 15.985], "rotation": 90, "texture": "#3"},
				"west": {"uv": [1.954, 0, 14.387, 15.985], "rotation": 90, "texture": "#3"},
				"up": {"uv": [1.954, 0, 14.387, 15.985], "rotation": 90, "texture": "#3"},
				"down": {"uv": [1.954, 0, 14.387, 15.985], "rotation": 90, "texture": "#3"}
			}
		},
		{
			"from": [0.55, 1.05, 7.145],
			"to": [2.7, 1.05, 8.895],
			"rotation": {"angle": 0, "axis": "y", "origin": [8.025, 0.5, 8]},
			"faces": {
				"north": {"uv": [1.954, 0, 14.387, 15.985], "rotation": 90, "texture": "#3"},
				"east": {"uv": [1.954, 0, 14.387, 15.985], "rotation": 90, "texture": "#3"},
				"south": {"uv": [1.954, 0, 14.387, 15.985], "rotation": 90, "texture": "#3"},
				"west": {"uv": [1.954, 0, 14.387, 15.985], "rotation": 90, "texture": "#3"},
				"up": {"uv": [1.954, 0, 14.387, 15.985], "rotation": 90, "texture": "#3"},
				"down": {"uv": [1.954, 0, 14.387, 15.985], "rotation": 90, "texture": "#3"}
			}
		},
		{
			"from": [0.55, 0.95, 7.145],
			"to": [2.7, 0.95, 8.895],
			"rotation": {"angle": 0, "axis": "y", "origin": [8.025, 0.5, 8]},
			"faces": {
				"north": {"uv": [1.954, 0, 14.387, 15.985], "rotation": 90, "texture": "#3"},
				"east": {"uv": [1.954, 0, 14.387, 15.985], "rotation": 90, "texture": "#3"},
				"south": {"uv": [1.954, 0, 14.387, 15.985], "rotation": 90, "texture": "#3"},
				"west": {"uv": [1.954, 0, 14.387, 15.985], "rotation": 90, "texture": "#3"},
				"up": {"uv": [1.954, 0, 14.387, 15.985], "rotation": 90, "texture": "#3"},
				"down": {"uv": [1.954, 0, 14.387, 15.985], "rotation": 90, "texture": "#3"}
			}
		},
		{
			"from": [0.55, 0.85, 7.145],
			"to": [2.7, 0.85, 8.895],
			"rotation": {"angle": 0, "axis": "y", "origin": [8.025, 0.5, 8]},
			"faces": {
				"north": {"uv": [1.954, 0, 14.387, 15.985], "rotation": 90, "texture": "#3"},
				"east": {"uv": [1.954, 0, 14.387, 15.985], "rotation": 90, "texture": "#3"},
				"south": {"uv": [1.954, 0, 14.387, 15.985], "rotation": 90, "texture": "#3"},
				"west": {"uv": [1.954, 0, 14.387, 15.985], "rotation": 90, "texture": "#3"},
				"up": {"uv": [1.954, 0, 14.387, 15.985], "rotation": 90, "texture": "#3"},
				"down": {"uv": [1.954, 0, 14.387, 15.985], "rotation": 90, "texture": "#3"}
			}
		},
		{
			"from": [0.55, 0.75, 7.145],
			"to": [2.7, 0.75, 8.895],
			"rotation": {"angle": 0, "axis": "y", "origin": [8.025, 0.5, 8]},
			"faces": {
				"north": {"uv": [1.954, 0, 14.387, 15.985], "rotation": 90, "texture": "#3"},
				"east": {"uv": [1.954, 0, 14.387, 15.985], "rotation": 90, "texture": "#3"},
				"south": {"uv": [1.954, 0, 14.387, 15.985], "rotation": 90, "texture": "#3"},
				"west": {"uv": [1.954, 0, 14.387, 15.985], "rotation": 90, "texture": "#3"},
				"up": {"uv": [1.954, 0, 14.387, 15.985], "rotation": 90, "texture": "#3"},
				"down": {"uv": [1.954, 0, 14.387, 15.985], "rotation": 90, "texture": "#3"}
			}
		},
		{
			"from": [0.55, 0.65, 7.145],
			"to": [2.7, 0.65, 8.895],
			"rotation": {"angle": 0, "axis": "y", "origin": [8.025, 0.5, 8]},
			"faces": {
				"north": {"uv": [1.954, 0, 14.387, 15.985], "rotation": 90, "texture": "#3"},
				"east": {"uv": [1.954, 0, 14.387, 15.985], "rotation": 90, "texture": "#3"},
				"south": {"uv": [1.954, 0, 14.387, 15.985], "rotation": 90, "texture": "#3"},
				"west": {"uv": [1.954, 0, 14.387, 15.985], "rotation": 90, "texture": "#3"},
				"up": {"uv": [1.954, 0, 14.387, 15.985], "rotation": 90, "texture": "#3"},
				"down": {"uv": [1.954, 0, 14.387, 15.985], "rotation": 90, "texture": "#3"}
			}
		},
		{
			"from": [0.55, 0.55, 7.145],
			"to": [2.7, 0.55, 8.895],
			"rotation": {"angle": 0, "axis": "y", "origin": [8.025, 0.5, 8]},
			"faces": {
				"north": {"uv": [1.954, 0, 14.387, 15.985], "rotation": 90, "texture": "#3"},
				"east": {"uv": [1.954, 0, 14.387, 15.985], "rotation": 90, "texture": "#3"},
				"south": {"uv": [1.954, 0, 14.387, 15.985], "rotation": 90, "texture": "#3"},
				"west": {"uv": [1.954, 0, 14.387, 15.985], "rotation": 90, "texture": "#3"},
				"up": {"uv": [1.954, 0, 14.387, 15.985], "rotation": 90, "texture": "#3"},
				"down": {"uv": [1.954, 0, 14.387, 15.985], "rotation": 90, "texture": "#3"}
			}
		},
		{
			"from": [0.55, 0.45, 7.145],
			"to": [2.7, 0.45, 8.895],
			"rotation": {"angle": 0, "axis": "y", "origin": [8.025, 0.5, 8]},
			"faces": {
				"north": {"uv": [1.954, 0, 14.387, 15.985], "rotation": 90, "texture": "#3"},
				"east": {"uv": [1.954, 0, 14.387, 15.985], "rotation": 90, "texture": "#3"},
				"south": {"uv": [1.954, 0, 14.387, 15.985], "rotation": 90, "texture": "#3"},
				"west": {"uv": [1.954, 0, 14.387, 15.985], "rotation": 90, "texture": "#3"},
				"up": {"uv": [1.954, 0, 14.387, 15.985], "rotation": 90, "texture": "#3"},
				"down": {"uv": [1.954, 0, 14.387, 15.985], "rotation": 90, "texture": "#3"}
			}
		},
		{
			"from": [0.55, 0.35, 7.145],
			"to": [2.7, 0.35, 8.895],
			"rotation": {"angle": 0, "axis": "y", "origin": [8.025, 0.5, 8]},
			"faces": {
				"north": {"uv": [1.954, 0, 14.387, 15.985], "rotation": 90, "texture": "#3"},
				"east": {"uv": [1.954, 0, 14.387, 15.985], "rotation": 90, "texture": "#3"},
				"south": {"uv": [1.954, 0, 14.387, 15.985], "rotation": 90, "texture": "#3"},
				"west": {"uv": [1.954, 0, 14.387, 15.985], "rotation": 90, "texture": "#3"},
				"up": {"uv": [1.954, 0, 14.387, 15.985], "rotation": 90, "texture": "#3"},
				"down": {"uv": [1.954, 0, 14.387, 15.985], "rotation": 90, "texture": "#3"}
			}
		},
		{
			"from": [0.55, 0.25, 7.145],
			"to": [2.7, 0.25, 8.895],
			"rotation": {"angle": 0, "axis": "y", "origin": [8.025, 0.5, 8]},
			"faces": {
				"north": {"uv": [1.954, 0, 14.387, 15.985], "rotation": 90, "texture": "#3"},
				"east": {"uv": [1.954, 0, 14.387, 15.985], "rotation": 90, "texture": "#3"},
				"south": {"uv": [1.954, 0, 14.387, 15.985], "rotation": 90, "texture": "#3"},
				"west": {"uv": [1.954, 0, 14.387, 15.985], "rotation": 90, "texture": "#3"},
				"up": {"uv": [1.954, 0, 14.387, 15.985], "rotation": 90, "texture": "#3"},
				"down": {"uv": [1.954, 0, 14.387, 15.985], "rotation": 90, "texture": "#3"}
			}
		},
		{
			"from": [0.55, 0.15, 7.145],
			"to": [2.7, 0.15, 8.895],
			"rotation": {"angle": 0, "axis": "y", "origin": [8.025, 0.5, 8]},
			"faces": {
				"north": {"uv": [1.954, 0, 14.387, 15.985], "rotation": 90, "texture": "#3"},
				"east": {"uv": [1.954, 0, 14.387, 15.985], "rotation": 90, "texture": "#3"},
				"south": {"uv": [1.954, 0, 14.387, 15.985], "rotation": 90, "texture": "#3"},
				"west": {"uv": [1.954, 0, 14.387, 15.985], "rotation": 90, "texture": "#3"},
				"up": {"uv": [1.954, 0, 14.387, 15.985], "rotation": 90, "texture": "#3"},
				"down": {"uv": [1.954, 0, 14.387, 15.985], "rotation": 90, "texture": "#3"}
			}
		},
		{
			"from": [0.55, 0.05, 7.145],
			"to": [2.7, 0.05, 8.895],
			"rotation": {"angle": 0, "axis": "y", "origin": [8.025, 0.5, 8]},
			"faces": {
				"north": {"uv": [1.954, 0, 14.387, 15.985], "rotation": 90, "texture": "#3"},
				"east": {"uv": [1.954, 0, 14.387, 15.985], "rotation": 90, "texture": "#3"},
				"south": {"uv": [1.954, 0, 14.387, 15.985], "rotation": 90, "texture": "#3"},
				"west": {"uv": [1.954, 0, 14.387, 15.985], "rotation": 90, "texture": "#3"},
				"up": {"uv": [1.954, 0, 14.387, 15.985], "rotation": 90, "texture": "#3"},
				"down": {"uv": [1.954, 0, 14.387, 15.985], "rotation": 90, "texture": "#3"}
			}
		},
		{
			"from": [11.5, 0.85, 7.5],
			"to": [16.05, 0.85, 8.5],
			"rotation": {"angle": 0, "axis": "y", "origin": [8.025, 0.5, 8]},
			"faces": {
				"north": {"uv": [10.688, 0, 15.655, 0.907], "rotation": 90, "texture": "#2_1"},
				"east": {"uv": [10.688, 0, 15.655, 0.907], "rotation": 90, "texture": "#2_1"},
				"south": {"uv": [10.688, 0, 15.655, 0.907], "rotation": 90, "texture": "#2_1"},
				"west": {"uv": [10.688, 0, 15.655, 0.907], "rotation": 90, "texture": "#2_1"},
				"up": {"uv": [10.688, 0, 15.655, 0.907], "rotation": 180, "texture": "#2_1"},
				"down": {"uv": [10.688, 0, 15.655, 0.907], "texture": "#2_1"}
			}
		},
		{
			"from": [6.95, 0.85, 7.5],
			"to": [11.5, 0.85, 8.5],
			"rotation": {"angle": 0, "axis": "y", "origin": [8.025, 0.5, 8]},
			"faces": {
				"north": {"uv": [10.688, 0, 15.655, 0.907], "rotation": 90, "texture": "#2_1"},
				"east": {"uv": [10.688, 0, 15.655, 0.907], "rotation": 90, "texture": "#2_1"},
				"south": {"uv": [10.688, 0, 15.655, 0.907], "rotation": 90, "texture": "#2_1"},
				"west": {"uv": [10.688, 0, 15.655, 0.907], "rotation": 90, "texture": "#2_1"},
				"up": {"uv": [10.688, 0, 15.655, 0.907], "rotation": 180, "texture": "#2_1"},
				"down": {"uv": [10.688, 0, 15.655, 0.907], "texture": "#2_1"}
			}
		},
		{
			"from": [3.45, 0.85, 7.5],
			"to": [7, 0.85, 8.5],
			"rotation": {"angle": 0, "axis": "y", "origin": [8.025, 0.5, 8]},
			"faces": {
				"north": {"uv": [10.688, 0, 15.655, 0.907], "rotation": 90, "texture": "#2_1"},
				"east": {"uv": [10.688, 0, 15.655, 0.907], "rotation": 90, "texture": "#2_1"},
				"south": {"uv": [10.688, 0, 15.655, 0.907], "rotation": 90, "texture": "#2_1"},
				"west": {"uv": [10.688, 0, 15.655, 0.907], "rotation": 90, "texture": "#2_1"},
				"up": {"uv": [11.594, 0, 15.654, 0.907], "rotation": 180, "texture": "#2_1"},
				"down": {"uv": [10.688, 0, 15.655, 0.907], "texture": "#2_1"}
			}
		},
		{
			"from": [11.5, 0.95, 7.5],
			"to": [16.05, 0.95, 8.5],
			"rotation": {"angle": 0, "axis": "y", "origin": [8.025, 0.5, 8]},
			"faces": {
				"north": {"uv": [6.758, 0, 16, 0.907], "texture": "#missing"},
				"east": {"uv": [6.758, 0, 16, 0.907], "texture": "#missing"},
				"south": {"uv": [6.758, 0, 16, 0.907], "texture": "#missing"},
				"west": {"uv": [6.758, 0, 16, 0.907], "texture": "#missing"},
				"up": {"uv": [10.688, 0, 15.655, 0.907], "rotation": 180, "texture": "#2", "tintindex": 0},
				"down": {"uv": [6.758, 0, 16, 0.907], "rotation": 180, "texture": "#2", "tintindex": 0}
			}
		},
		{
			"from": [6.95, 0.95, 7.5],
			"to": [11.5, 0.95, 8.5],
			"rotation": {"angle": 0, "axis": "y", "origin": [8.025, 0.5, 8]},
			"faces": {
				"north": {"uv": [6.758, 0, 16, 0.907], "texture": "#missing"},
				"east": {"uv": [6.758, 0, 16, 0.907], "texture": "#missing"},
				"south": {"uv": [6.758, 0, 16, 0.907], "texture": "#missing"},
				"west": {"uv": [6.758, 0, 16, 0.907], "texture": "#missing"},
				"up": {"uv": [10.688, 0, 15.655, 0.907], "rotation": 180, "texture": "#2", "tintindex": 0},
				"down": {"uv": [6.758, 0, 16, 0.907], "rotation": 180, "texture": "#2", "tintindex": 0}
			}
		},
		{
			"from": [3.45, 0.95, 7.5],
			"to": [7, 0.95, 8.5],
			"rotation": {"angle": 0, "axis": "y", "origin": [8.025, 0.5, 8]},
			"faces": {
				"north": {"uv": [6.758, 0, 16, 0.907], "texture": "#missing"},
				"east": {"uv": [6.758, 0, 16, 0.907], "texture": "#missing"},
				"south": {"uv": [6.758, 0, 16, 0.907], "texture": "#missing"},
				"west": {"uv": [6.758, 0, 16, 0.907], "texture": "#missing"},
				"up": {"uv": [11.594, 0, 15.654, 0.907], "rotation": 180, "texture": "#2", "tintindex": 0},
				"down": {"uv": [6.758, 0, 16, 0.907], "rotation": 180, "texture": "#2", "tintindex": 0}
			}
		}
	],
	"groups": [
		{
			"name": "wire",
			"origin": [8, 8, 8],
			"children": [
				{
					"name": "wire",
					"origin": [8, 8, 8],
					"children": [0, 1, 2, 3, 4, 5, 6, 7, 8, 9, 10, 11, 12, 13, 14, 15, 16, 17, 18, 19, 20, 21, 22, 23, 24, 25, 26, 27, 28, 29, 30, 31, 32, 33, 34, 35, 36, 37, 38, 39, 40, 41, 42, 43, 44]
				}
			]
		}
	]
}